{
  "dataset_revision": "fd7df84ac089bbec763b1c6bb1b56e985df5cc5c",
  "task_name": "AutoRAGRetrieval",
  "mteb_version": "1.38.39",
  "scores": {
    "test": [
      {
        "ndcg_at_1": 0.08772,
        "ndcg_at_3": 0.13732,
        "ndcg_at_5": 0.15544,
        "ndcg_at_10": 0.16608,
        "ndcg_at_20": 0.18105,
        "ndcg_at_100": 0.24428,
        "ndcg_at_1000": 0.28842,
        "map_at_1": 0.08772,
        "map_at_3": 0.12427,
        "map_at_5": 0.13436,
        "map_at_10": 0.13834,
        "map_at_20": 0.14217,
        "map_at_100": 0.15081,
        "map_at_1000": 0.15256,
        "recall_at_1": 0.08772,
        "recall_at_3": 0.17544,
        "recall_at_5": 0.2193,
        "recall_at_10": 0.25439,
        "recall_at_20": 0.31579,
        "recall_at_100": 0.65789,
        "recall_at_1000": 1.0,
        "precision_at_1": 0.08772,
        "precision_at_3": 0.05848,
        "precision_at_5": 0.04386,
        "precision_at_10": 0.02544,
        "precision_at_20": 0.01579,
        "precision_at_100": 0.00658,
        "precision_at_1000": 0.001,
        "mrr_at_1": 0.087719,
        "mrr_at_3": 0.124269,
        "mrr_at_5": 0.134357,
        "mrr_at_10": 0.138339,
        "mrr_at_20": 0.142165,
        "mrr_at_100": 0.150809,
        "mrr_at_1000": 0.15256,
        "nauc_ndcg_at_1_max": 0.600303,
        "nauc_ndcg_at_1_std": 0.038583,
        "nauc_ndcg_at_1_diff1": -0.251691,
        "nauc_ndcg_at_3_max": 0.645098,
        "nauc_ndcg_at_3_std": -0.018703,
        "nauc_ndcg_at_3_diff1": -0.351537,
        "nauc_ndcg_at_5_max": 0.653972,
        "nauc_ndcg_at_5_std": -0.043357,
        "nauc_ndcg_at_5_diff1": -0.372571,
        "nauc_ndcg_at_10_max": 0.684536,
        "nauc_ndcg_at_10_std": -0.036328,
        "nauc_ndcg_at_10_diff1": -0.395498,
        "nauc_ndcg_at_20_max": 0.661224,
        "nauc_ndcg_at_20_std": -0.077828,
        "nauc_ndcg_at_20_diff1": -0.4073,
        "nauc_ndcg_at_100_max": 0.620846,
        "nauc_ndcg_at_100_std": -0.083313,
        "nauc_ndcg_at_100_diff1": -0.383173,
        "nauc_ndcg_at_1000_max": 0.630958,
        "nauc_ndcg_at_1000_std": -0.05409,
        "nauc_ndcg_at_1000_diff1": -0.372559,
        "nauc_map_at_1_max": 0.600303,
        "nauc_map_at_1_std": 0.038583,
        "nauc_map_at_1_diff1": -0.251691,
        "nauc_map_at_3_max": 0.630469,
        "nauc_map_at_3_std": -0.005616,
        "nauc_map_at_3_diff1": -0.331987,
        "nauc_map_at_5_max": 0.636998,
        "nauc_map_at_5_std": -0.021932,
        "nauc_map_at_5_diff1": -0.345687,
        "nauc_map_at_10_max": 0.649722,
        "nauc_map_at_10_std": -0.018841,
        "nauc_map_at_10_diff1": -0.35577,
        "nauc_map_at_20_max": 0.642504,
        "nauc_map_at_20_std": -0.031333,
        "nauc_map_at_20_diff1": -0.35882,
        "nauc_map_at_100_max": 0.632533,
        "nauc_map_at_100_std": -0.031565,
        "nauc_map_at_100_diff1": -0.355405,
        "nauc_map_at_1000_max": 0.632908,
        "nauc_map_at_1000_std": -0.0304,
        "nauc_map_at_1000_diff1": -0.354651,
        "nauc_recall_at_1_max": 0.600303,
        "nauc_recall_at_1_std": 0.038583,
        "nauc_recall_at_1_diff1": -0.251691,
        "nauc_recall_at_3_max": 0.679325,
        "nauc_recall_at_3_std": -0.048306,
        "nauc_recall_at_3_diff1": -0.394918,
        "nauc_recall_at_5_max": 0.690225,
        "nauc_recall_at_5_std": -0.088946,
        "nauc_recall_at_5_diff1": -0.428905,
        "nauc_recall_at_10_max": 0.763979,
        "nauc_recall_at_10_std": -0.070191,
        "nauc_recall_at_10_diff1": -0.481064,
        "nauc_recall_at_20_max": 0.693708,
        "nauc_recall_at_20_std": -0.186305,
        "nauc_recall_at_20_diff1": -0.511708,
        "nauc_recall_at_100_max": 0.560172,
        "nauc_recall_at_100_std": -0.244091,
        "nauc_recall_at_100_diff1": -0.43012,
        "nauc_recall_at_1000_max": NaN,
        "nauc_recall_at_1000_std": NaN,
        "nauc_recall_at_1000_diff1": NaN,
        "nauc_precision_at_1_max": 0.600303,
        "nauc_precision_at_1_std": 0.038583,
        "nauc_precision_at_1_diff1": -0.251691,
        "nauc_precision_at_3_max": 0.679325,
        "nauc_precision_at_3_std": -0.048306,
        "nauc_precision_at_3_diff1": -0.394918,
        "nauc_precision_at_5_max": 0.690225,
        "nauc_precision_at_5_std": -0.088946,
        "nauc_precision_at_5_diff1": -0.428905,
        "nauc_precision_at_10_max": 0.763979,
        "nauc_precision_at_10_std": -0.070191,
        "nauc_precision_at_10_diff1": -0.481064,
        "nauc_precision_at_20_max": 0.693708,
        "nauc_precision_at_20_std": -0.186305,
        "nauc_precision_at_20_diff1": -0.511708,
        "nauc_precision_at_100_max": 0.560172,
        "nauc_precision_at_100_std": -0.244091,
        "nauc_precision_at_100_diff1": -0.43012,
        "nauc_precision_at_1000_max": 1.0,
        "nauc_precision_at_1000_std": 1.0,
        "nauc_precision_at_1000_diff1": 1.0,
        "nauc_mrr_at_1_max": 0.600303,
        "nauc_mrr_at_1_std": 0.038583,
        "nauc_mrr_at_1_diff1": -0.251691,
        "nauc_mrr_at_3_max": 0.630469,
        "nauc_mrr_at_3_std": -0.005616,
        "nauc_mrr_at_3_diff1": -0.331987,
        "nauc_mrr_at_5_max": 0.636998,
        "nauc_mrr_at_5_std": -0.021932,
        "nauc_mrr_at_5_diff1": -0.345687,
        "nauc_mrr_at_10_max": 0.649722,
        "nauc_mrr_at_10_std": -0.018841,
        "nauc_mrr_at_10_diff1": -0.35577,
        "nauc_mrr_at_20_max": 0.642504,
        "nauc_mrr_at_20_std": -0.031333,
        "nauc_mrr_at_20_diff1": -0.35882,
        "nauc_mrr_at_100_max": 0.632533,
        "nauc_mrr_at_100_std": -0.031565,
        "nauc_mrr_at_100_diff1": -0.355405,
        "nauc_mrr_at_1000_max": 0.632908,
        "nauc_mrr_at_1000_std": -0.0304,
        "nauc_mrr_at_1000_diff1": -0.354651,
        "main_score": 0.16608,
        "hf_subset": "default",
        "languages": [
          "kor-Hang"
        ]
      }
    ]
  },
  "evaluation_time": 1.761502742767334,
  "kg_co2_emissions": null
}