{
  "dataset_revision": "75b399394a9803252cfec289d103de462763db7c",
  "task_name": "BelebeleRetrieval",
  "mteb_version": "1.38.39",
  "scores": {
    "test": [
      {
        "ndcg_at_1": 0.04,
        "ndcg_at_3": 0.05788,
        "ndcg_at_5": 0.06644,
        "ndcg_at_10": 0.07969,
        "ndcg_at_20": 0.0909,
        "ndcg_at_100": 0.13472,
        "ndcg_at_1000": 0.20843,
        "map_at_1": 0.04,
        "map_at_3": 0.05333,
        "map_at_5": 0.058,
        "map_at_10": 0.06344,
        "map_at_20": 0.06635,
        "map_at_100": 0.07155,
        "map_at_1000": 0.07435,
        "recall_at_1": 0.04,
        "recall_at_3": 0.07111,
        "recall_at_5": 0.09222,
        "recall_at_10": 0.13333,
        "recall_at_20": 0.17889,
        "recall_at_100": 0.42778,
        "recall_at_1000": 1.0,
        "precision_at_1": 0.04,
        "precision_at_3": 0.0237,
        "precision_at_5": 0.01844,
        "precision_at_10": 0.01333,
        "precision_at_20": 0.00894,
        "precision_at_100": 0.00428,
        "precision_at_1000": 0.001,
        "mrr_at_1": 0.04,
        "mrr_at_3": 0.053333,
        "mrr_at_5": 0.058,
        "mrr_at_10": 0.063442,
        "mrr_at_20": 0.066354,
        "mrr_at_100": 0.071548,
        "mrr_at_1000": 0.074353,
        "nauc_ndcg_at_1_max": 0.624162,
        "nauc_ndcg_at_1_std": 0.045464,
        "nauc_ndcg_at_1_diff1": 0.37683,
        "nauc_ndcg_at_3_max": 0.537628,
        "nauc_ndcg_at_3_std": 0.100146,
        "nauc_ndcg_at_3_diff1": 0.222718,
        "nauc_ndcg_at_5_max": 0.489998,
        "nauc_ndcg_at_5_std": 0.114749,
        "nauc_ndcg_at_5_diff1": 0.171348,
        "nauc_ndcg_at_10_max": 0.47898,
        "nauc_ndcg_at_10_std": 0.119537,
        "nauc_ndcg_at_10_diff1": 0.163141,
        "nauc_ndcg_at_20_max": 0.457991,
        "nauc_ndcg_at_20_std": 0.124272,
        "nauc_ndcg_at_20_diff1": 0.139378,
        "nauc_ndcg_at_100_max": 0.423721,
        "nauc_ndcg_at_100_std": 0.125766,
        "nauc_ndcg_at_100_diff1": 0.081965,
        "nauc_ndcg_at_1000_max": 0.463056,
        "nauc_ndcg_at_1000_std": 0.114473,
        "nauc_ndcg_at_1000_diff1": 0.141096,
        "nauc_map_at_1_max": 0.624162,
        "nauc_map_at_1_std": 0.045464,
        "nauc_map_at_1_diff1": 0.37683,
        "nauc_map_at_3_max": 0.555876,
        "nauc_map_at_3_std": 0.091225,
        "nauc_map_at_3_diff1": 0.254163,
        "nauc_map_at_5_max": 0.524827,
        "nauc_map_at_5_std": 0.100969,
        "nauc_map_at_5_diff1": 0.218936,
        "nauc_map_at_10_max": 0.51591,
        "nauc_map_at_10_std": 0.104619,
        "nauc_map_at_10_diff1": 0.21081,
        "nauc_map_at_20_max": 0.507476,
        "nauc_map_at_20_std": 0.106953,
        "nauc_map_at_20_diff1": 0.201513,
        "nauc_map_at_100_max": 0.499606,
        "nauc_map_at_100_std": 0.107271,
        "nauc_map_at_100_diff1": 0.18952,
        "nauc_map_at_1000_max": 0.501966,
        "nauc_map_at_1000_std": 0.106034,
        "nauc_map_at_1000_diff1": 0.193137,
        "nauc_recall_at_1_max": 0.624162,
        "nauc_recall_at_1_std": 0.045464,
        "nauc_recall_at_1_diff1": 0.37683,
        "nauc_recall_at_3_max": 0.497329,
        "nauc_recall_at_3_std": 0.119152,
        "nauc_recall_at_3_diff1": 0.153554,
        "nauc_recall_at_5_max": 0.421431,
        "nauc_recall_at_5_std": 0.141013,
        "nauc_recall_at_5_diff1": 0.079647,
        "nauc_recall_at_10_max": 0.419661,
        "nauc_recall_at_10_std": 0.142978,
        "nauc_recall_at_10_diff1": 0.088543,
        "nauc_recall_at_20_max": 0.385321,
        "nauc_recall_at_20_std": 0.147916,
        "nauc_recall_at_20_diff1": 0.04967,
        "nauc_recall_at_100_max": 0.320298,
        "nauc_recall_at_100_std": 0.147255,
        "nauc_recall_at_100_diff1": -0.071761,
        "nauc_recall_at_1000_max": NaN,
        "nauc_recall_at_1000_std": NaN,
        "nauc_recall_at_1000_diff1": NaN,
        "nauc_precision_at_1_max": 0.624162,
        "nauc_precision_at_1_std": 0.045464,
        "nauc_precision_at_1_diff1": 0.37683,
        "nauc_precision_at_3_max": 0.497329,
        "nauc_precision_at_3_std": 0.119152,
        "nauc_precision_at_3_diff1": 0.153554,
        "nauc_precision_at_5_max": 0.421431,
        "nauc_precision_at_5_std": 0.141013,
        "nauc_precision_at_5_diff1": 0.079647,
        "nauc_precision_at_10_max": 0.419661,
        "nauc_precision_at_10_std": 0.142978,
        "nauc_precision_at_10_diff1": 0.088543,
        "nauc_precision_at_20_max": 0.385321,
        "nauc_precision_at_20_std": 0.147916,
        "nauc_precision_at_20_diff1": 0.04967,
        "nauc_precision_at_100_max": 0.320298,
        "nauc_precision_at_100_std": 0.147255,
        "nauc_precision_at_100_diff1": -0.071761,
        "nauc_precision_at_1000_max": NaN,
        "nauc_precision_at_1000_std": NaN,
        "nauc_precision_at_1000_diff1": NaN,
        "nauc_mrr_at_1_max": 0.624162,
        "nauc_mrr_at_1_std": 0.045464,
        "nauc_mrr_at_1_diff1": 0.37683,
        "nauc_mrr_at_3_max": 0.555876,
        "nauc_mrr_at_3_std": 0.091225,
        "nauc_mrr_at_3_diff1": 0.254163,
        "nauc_mrr_at_5_max": 0.524827,
        "nauc_mrr_at_5_std": 0.100969,
        "nauc_mrr_at_5_diff1": 0.218936,
        "nauc_mrr_at_10_max": 0.51591,
        "nauc_mrr_at_10_std": 0.104619,
        "nauc_mrr_at_10_diff1": 0.21081,
        "nauc_mrr_at_20_max": 0.507476,
        "nauc_mrr_at_20_std": 0.106953,
        "nauc_mrr_at_20_diff1": 0.201513,
        "nauc_mrr_at_100_max": 0.499606,
        "nauc_mrr_at_100_std": 0.107271,
        "nauc_mrr_at_100_diff1": 0.18952,
        "nauc_mrr_at_1000_max": 0.501966,
        "nauc_mrr_at_1000_std": 0.106034,
        "nauc_mrr_at_1000_diff1": 0.193137,
        "main_score": 0.07969,
        "hf_subset": "kor_Hang-kor_Hang",
        "languages": [
          "kor-Hang",
          "kor-Hang"
        ]
      },
      {
        "ndcg_at_1": 0.01556,
        "ndcg_at_3": 0.02351,
        "ndcg_at_5": 0.02762,
        "ndcg_at_10": 0.03555,
        "ndcg_at_20": 0.04494,
        "ndcg_at_100": 0.08256,
        "ndcg_at_1000": 0.1692,
        "map_at_1": 0.01556,
        "map_at_3": 0.0213,
        "map_at_5": 0.02357,
        "map_at_10": 0.02687,
        "map_at_20": 0.02936,
        "map_at_100": 0.0338,
        "map_at_1000": 0.03689,
        "recall_at_1": 0.01556,
        "recall_at_3": 0.03,
        "recall_at_5": 0.04,
        "recall_at_10": 0.06444,
        "recall_at_20": 0.10222,
        "recall_at_100": 0.31667,
        "recall_at_1000": 1.0,
        "precision_at_1": 0.01556,
        "precision_at_3": 0.01,
        "precision_at_5": 0.008,
        "precision_at_10": 0.00644,
        "precision_at_20": 0.00511,
        "precision_at_100": 0.00317,
        "precision_at_1000": 0.001,
        "mrr_at_1": 0.015556,
        "mrr_at_3": 0.021296,
        "mrr_at_5": 0.023574,
        "mrr_at_10": 0.026868,
        "mrr_at_20": 0.029355,
        "mrr_at_100": 0.0338,
        "mrr_at_1000": 0.036887,
        "nauc_ndcg_at_1_max": 0.713787,
        "nauc_ndcg_at_1_std": -0.049983,
        "nauc_ndcg_at_1_diff1": 0.101269,
        "nauc_ndcg_at_3_max": 0.532726,
        "nauc_ndcg_at_3_std": -0.054972,
        "nauc_ndcg_at_3_diff1": 0.110771,
        "nauc_ndcg_at_5_max": 0.46819,
        "nauc_ndcg_at_5_std": -0.030463,
        "nauc_ndcg_at_5_diff1": 0.103311,
        "nauc_ndcg_at_10_max": 0.416571,
        "nauc_ndcg_at_10_std": -0.037811,
        "nauc_ndcg_at_10_diff1": 0.085587,
        "nauc_ndcg_at_20_max": 0.370798,
        "nauc_ndcg_at_20_std": -0.018871,
        "nauc_ndcg_at_20_diff1": 0.073534,
        "nauc_ndcg_at_100_max": 0.300543,
        "nauc_ndcg_at_100_std": -0.009849,
        "nauc_ndcg_at_100_diff1": 0.042466,
        "nauc_ndcg_at_1000_max": 0.360279,
        "nauc_ndcg_at_1000_std": -0.022696,
        "nauc_ndcg_at_1000_diff1": 0.054479,
        "nauc_map_at_1_max": 0.713787,
        "nauc_map_at_1_std": -0.049983,
        "nauc_map_at_1_diff1": 0.101269,