{
  "dataset_revision": "d243889a3eb6654029dbd7e7f9319ae31d58f97c",
  "task_name": "Ko-StrategyQA",
  "mteb_version": "1.38.39",
  "scores": {
    "dev": [
      {
        "ndcg_at_1": 0.00169,
        "ndcg_at_3": 0.00286,
        "ndcg_at_5": 0.00286,
        "ndcg_at_10": 0.00286,
        "ndcg_at_20": 0.00419,
        "ndcg_at_100": 0.01628,
        "ndcg_at_1000": 0.0585,
        "map_at_1": 0.00056,
        "map_at_3": 0.00267,
        "map_at_5": 0.00267,
        "map_at_10": 0.00267,
        "map_at_20": 0.00297,
        "map_at_100": 0.00427,
        "map_at_1000": 0.00545,
        "recall_at_1": 0.00056,
        "recall_at_3": 0.00338,
        "recall_at_5": 0.00338,
        "recall_at_10": 0.00338,
        "recall_at_20": 0.00788,
        "recall_at_100": 0.06622,
        "recall_at_1000": 0.36857,
        "precision_at_1": 0.00169,
        "precision_at_3": 0.00282,
        "precision_at_5": 0.00169,
        "precision_at_10": 0.00084,
        "precision_at_20": 0.00084,
        "precision_at_100": 0.00125,
        "precision_at_1000": 0.00071,
        "mrr_at_1": 0.001689,
        "mrr_at_3": 0.002534,
        "mrr_at_5": 0.002534,
        "mrr_at_10": 0.002534,
        "mrr_at_20": 0.003098,
        "mrr_at_100": 0.0051,
        "mrr_at_1000": 0.006315,
        "nauc_ndcg_at_1_max": 1.0,
        "nauc_ndcg_at_1_std": -0.573749,
        "nauc_ndcg_at_1_diff1": -0.498778,
        "nauc_ndcg_at_3_max": 0.355579,
        "nauc_ndcg_at_3_std": -0.573749,
        "nauc_ndcg_at_3_diff1": -0.498778,
        "nauc_ndcg_at_5_max": 0.355579,
        "nauc_ndcg_at_5_std": -0.573749,
        "nauc_ndcg_at_5_diff1": -0.498778,
        "nauc_ndcg_at_10_max": 0.355579,
        "nauc_ndcg_at_10_std": -0.573749,
        "nauc_ndcg_at_10_diff1": -0.498778,
        "nauc_ndcg_at_20_max": 0.141163,
        "nauc_ndcg_at_20_std": -0.473844,
        "nauc_ndcg_at_20_diff1": -0.450865,
        "nauc_ndcg_at_100_max": -0.034701,
        "nauc_ndcg_at_100_std": -0.250645,
        "nauc_ndcg_at_100_diff1": -0.269158,
        "nauc_ndcg_at_1000_max": 0.017371,
        "nauc_ndcg_at_1000_std": -0.253859,
        "nauc_ndcg_at_1000_diff1": -0.19279,
        "nauc_map_at_1_max": 1.0,
        "nauc_map_at_1_std": -0.573749,
        "nauc_map_at_1_diff1": -0.498778,
        "nauc_map_at_3_max": 0.420198,
        "nauc_map_at_3_std": -0.573749,
        "nauc_map_at_3_diff1": -0.498778,
        "nauc_map_at_5_max": 0.420198,
        "nauc_map_at_5_std": -0.573749,
        "nauc_map_at_5_diff1": -0.498778,
        "nauc_map_at_10_max": 0.420198,
        "nauc_map_at_10_std": -0.573749,
        "nauc_map_at_10_diff1": -0.498778,
        "nauc_map_at_20_max": 0.349248,
        "nauc_map_at_20_std": -0.544314,
        "nauc_map_at_20_diff1": -0.48635,
        "nauc_map_at_100_max": 0.212308,
        "nauc_map_at_100_std": -0.434142,
        "nauc_map_at_100_diff1": -0.405653,
        "nauc_map_at_1000_max": 0.190283,
        "nauc_map_at_1000_std": -0.412199,
        "nauc_map_at_1000_diff1": -0.367832,
        "nauc_recall_at_1_max": 1.0,
        "nauc_recall_at_1_std": -0.573749,
        "nauc_recall_at_1_diff1": -0.498778,
        "nauc_recall_at_3_max": 0.213125,
        "nauc_recall_at_3_std": -0.573749,
        "nauc_recall_at_3_diff1": -0.498778,
        "nauc_recall_at_5_max": 0.213125,
        "nauc_recall_at_5_std": -0.573749,
        "nauc_recall_at_5_diff1": -0.498778,
        "nauc_recall_at_10_max": 0.213125,
        "nauc_recall_at_10_std": -0.573749,
        "nauc_recall_at_10_diff1": -0.498778,
        "nauc_recall_at_20_max": -0.110803,
        "nauc_recall_at_20_std": -0.421872,
        "nauc_recall_at_20_diff1": -0.431976,
        "nauc_recall_at_100_max": -0.115764,
        "nauc_recall_at_100_std": -0.202397,
        "nauc_recall_at_100_diff1": -0.2285,
        "nauc_recall_at_1000_max": -0.003062,
        "nauc_recall_at_1000_std": -0.234979,
        "nauc_recall_at_1000_diff1": -0.166976,
        "nauc_precision_at_1_max": 1.0,
        "nauc_precision_at_1_std": -0.573749,
        "nauc_precision_at_1_diff1": -0.498778,
        "nauc_precision_at_3_max": 0.3705,
        "nauc_precision_at_3_std": -0.573749,
        "nauc_precision_at_3_diff1": -0.498778,
        "nauc_precision_at_5_max": 0.3705,
        "nauc_precision_at_5_std": -0.573749,
        "nauc_precision_at_5_diff1": -0.498778,
        "nauc_precision_at_10_max": 0.3705,
        "nauc_precision_at_10_std": -0.573749,
        "nauc_precision_at_10_diff1": -0.498778,
        "nauc_precision_at_20_max": 0.027988,
        "nauc_precision_at_20_std": -0.379538,
        "nauc_precision_at_20_diff1": -0.390261,
        "nauc_precision_at_100_max": -0.04908,
        "nauc_precision_at_100_std": -0.201027,
        "nauc_precision_at_100_diff1": -0.236539,
        "nauc_precision_at_1000_max": 0.030613,
        "nauc_precision_at_1000_std": -0.183733,
        "nauc_precision_at_1000_diff1": -0.120054,
        "nauc_mrr_at_1_max": 1.0,
        "nauc_mrr_at_1_std": -0.573749,
        "nauc_mrr_at_1_diff1": -0.498778,
        "nauc_mrr_at_3_max": 0.475417,
        "nauc_mrr_at_3_std": -0.573749,
        "nauc_mrr_at_3_diff1": -0.498778,
        "nauc_mrr_at_5_max": 0.475417,
        "nauc_mrr_at_5_std": -0.573749,
        "nauc_mrr_at_5_diff1": -0.498778,
        "nauc_mrr_at_10_max": 0.475417,
        "nauc_mrr_at_10_std": -0.573749,
        "nauc_mrr_at_10_diff1": -0.498778,
        "nauc_mrr_at_20_max": 0.340875,
        "nauc_mrr_at_20_std": -0.498295,
        "nauc_mrr_at_20_diff1": -0.458764,
        "nauc_mrr_at_100_max": 0.18538,
        "nauc_mrr_at_100_std": -0.366343,
        "nauc_mrr_at_100_diff1": -0.355512,
        "nauc_mrr_at_1000_max": 0.173669,
        "nauc_mrr_at_1000_std": -0.358956,
        "nauc_mrr_at_1000_diff1": -0.329201,
        "main_score": 0.00286,
        "hf_subset": "default",
        "languages": [
          "kor-Hang"
        ]
      }
    ]
  },
  "evaluation_time": 13.452985286712646,
  "kg_co2_emissions": null
}