{
  "dataset_revision": "c99d599f0a6ab9b85b065da6f9d94f9cf731679f",
  "task_name": "XPQARetrieval",
  "mteb_version": "1.38.39",
  "scores": {
    "test": [
      {
        "ndcg_at_1": 0.01988,
        "ndcg_at_3": 0.02753,
        "ndcg_at_5": 0.02993,
        "ndcg_at_10": 0.03839,
        "ndcg_at_20": 0.05214,
        "ndcg_at_100": 0.08819,
        "ndcg_at_1000": 0.18347,
        "map_at_1": 0.01644,
        "map_at_3": 0.02396,
        "map_at_5": 0.02533,
        "map_at_10": 0.0289,
        "map_at_20": 0.03261,
        "map_at_100": 0.03692,
        "map_at_1000": 0.04017,
        "recall_at_1": 0.01644,
        "recall_at_3": 0.03275,
        "recall_at_5": 0.0379,
        "recall_at_10": 0.0617,
        "recall_at_20": 0.11246,
        "recall_at_100": 0.29636,
        "recall_at_1000": 1.0,
        "precision_at_1": 0.01988,
        "precision_at_3": 0.01427,
        "precision_at_5": 0.0104,
        "precision_at_10": 0.00872,
        "precision_at_20": 0.00765,
        "precision_at_100": 0.00433,
        "precision_at_1000": 0.00156,
        "mrr_at_1": 0.019878,
        "mrr_at_3": 0.028542,
        "mrr_at_5": 0.030377,
        "mrr_at_10": 0.034173,
        "mrr_at_20": 0.038596,
        "mrr_at_100": 0.043762,
        "mrr_at_1000": 0.046174,
        "nauc_ndcg_at_1_max": 0.702973,
        "nauc_ndcg_at_1_std": 0.157371,
        "nauc_ndcg_at_1_diff1": 0.13855,
        "nauc_ndcg_at_3_max": 0.699819,
        "nauc_ndcg_at_3_std": 0.218357,
        "nauc_ndcg_at_3_diff1": -0.054142,
        "nauc_ndcg_at_5_max": 0.671684,
        "nauc_ndcg_at_5_std": 0.217544,
        "nauc_ndcg_at_5_diff1": -0.078364,
        "nauc_ndcg_at_10_max": 0.579891,
        "nauc_ndcg_at_10_std": 0.188762,
        "nauc_ndcg_at_10_diff1": -0.090634,
        "nauc_ndcg_at_20_max": 0.450513,
        "nauc_ndcg_at_20_std": 0.1013,
        "nauc_ndcg_at_20_diff1": -0.110601,
        "nauc_ndcg_at_100_max": 0.342182,
        "nauc_ndcg_at_100_std": 0.055195,
        "nauc_ndcg_at_100_diff1": -0.125674,
        "nauc_ndcg_at_1000_max": 0.398283,
        "nauc_ndcg_at_1000_std": 0.104699,
        "nauc_ndcg_at_1000_diff1": -0.093716,
        "nauc_map_at_1_max": 0.640804,
        "nauc_map_at_1_std": 0.146503,
        "nauc_map_at_1_diff1": 0.113189,
        "nauc_map_at_3_max": 0.676092,
        "nauc_map_at_3_std": 0.198567,
        "nauc_map_at_3_diff1": -0.027979,
        "nauc_map_at_5_max": 0.662709,
        "nauc_map_at_5_std": 0.202726,
        "nauc_map_at_5_diff1": -0.047103,
        "nauc_map_at_10_max": 0.619609,
        "nauc_map_at_10_std": 0.188676,
        "nauc_map_at_10_diff1": -0.061516,
        "nauc_map_at_20_max": 0.560417,
        "nauc_map_at_20_std": 0.150305,
        "nauc_map_at_20_diff1": -0.074297,
        "nauc_map_at_100_max": 0.524433,
        "nauc_map_at_100_std": 0.137582,
        "nauc_map_at_100_diff1": -0.080143,
        "nauc_map_at_1000_max": 0.526831,
        "nauc_map_at_1000_std": 0.138988,
        "nauc_map_at_1000_diff1": -0.077085,
        "nauc_recall_at_1_max": 0.640804,
        "nauc_recall_at_1_std": 0.146503,
        "nauc_recall_at_1_diff1": 0.113189,
        "nauc_recall_at_3_max": 0.703765,
        "nauc_recall_at_3_std": 0.228767,
        "nauc_recall_at_3_diff1": -0.118326,
        "nauc_recall_at_5_max": 0.655125,
        "nauc_recall_at_5_std": 0.22292,
        "nauc_recall_at_5_diff1": -0.14843,
        "nauc_recall_at_10_max": 0.492513,
        "nauc_recall_at_10_std": 0.157628,
        "nauc_recall_at_10_diff1": -0.141927,
        "nauc_recall_at_20_max": 0.289656,
        "nauc_recall_at_20_std": 0.022077,
        "nauc_recall_at_20_diff1": -0.151746,
        "nauc_recall_at_100_max": 0.162875,
        "nauc_recall_at_100_std": -0.040926,
        "nauc_recall_at_100_diff1": -0.156026,
        "nauc_recall_at_1000_max": NaN,
        "nauc_recall_at_1000_std": NaN,
        "nauc_recall_at_1000_diff1": NaN,
        "nauc_precision_at_1_max": 0.702973,
        "nauc_precision_at_1_std": 0.157371,
        "nauc_precision_at_1_diff1": 0.13855,
        "nauc_precision_at_3_max": 0.761287,
        "nauc_precision_at_3_std": 0.302179,
        "nauc_precision_at_3_diff1": -0.14718,
        "nauc_precision_at_5_max": 0.700661,
        "nauc_precision_at_5_std": 0.274346,
        "nauc_precision_at_5_diff1": -0.165005,
        "nauc_precision_at_10_max": 0.541232,
        "nauc_precision_at_10_std": 0.221359,
        "nauc_precision_at_10_diff1": -0.155843,
        "nauc_precision_at_20_max": 0.367507,
        "nauc_precision_at_20_std": 0.065391,
        "nauc_precision_at_20_diff1": -0.161464,
        "nauc_precision_at_100_max": 0.193423,
        "nauc_precision_at_100_std": 0.016668,
        "nauc_precision_at_100_diff1": -0.152098,
        "nauc_precision_at_1000_max": -0.024785,
        "nauc_precision_at_1000_std": 0.094306,
        "nauc_precision_at_1000_diff1": 0.020396,
        "nauc_mrr_at_1_max": 0.702973,
        "nauc_mrr_at_1_std": 0.157371,
        "nauc_mrr_at_1_diff1": 0.13855,
        "nauc_mrr_at_3_max": 0.737717,
        "nauc_mrr_at_3_std": 0.242301,
        "nauc_mrr_at_3_diff1": -0.01409,
        "nauc_mrr_at_5_max": 0.71337,
        "nauc_mrr_at_5_std": 0.226789,
        "nauc_mrr_at_5_diff1": -0.025571,
        "nauc_mrr_at_10_max": 0.653959,
        "nauc_mrr_at_10_std": 0.218428,
        "nauc_mrr_at_10_diff1": -0.03276,
        "nauc_mrr_at_20_max": 0.590073,
        "nauc_mrr_at_20_std": 0.173586,
        "nauc_mrr_at_20_diff1": -0.045758,
        "nauc_mrr_at_100_max": 0.553769,
        "nauc_mrr_at_100_std": 0.161563,
        "nauc_mrr_at_100_diff1": -0.054233,
        "nauc_mrr_at_1000_max": 0.558393,
        "nauc_mrr_at_1000_std": 0.162131,
        "nauc_mrr_at_1000_diff1": -0.05206,
        "main_score": 0.03839,
        "hf_subset": "kor-kor",
        "languages": [
          "kor-Hang",
          "kor-Hang"
        ]
      },
      {
        "ndcg_at_1": 0.00612,
        "ndcg_at_3": 0.0117,
        "ndcg_at_5": 0.01435,
        "ndcg_at_10": 0.01776,
        "ndcg_at_20": 0.02335,
        "ndcg_at_100": 0.04657,
        "ndcg_at_1000": 0.14951,
        "map_at_1": 0.0051,
        "map_at_3": 0.00928,
        "map_at_5": 0.01101,
        "map_at_10": 0.01227,
        "map_at_20": 0.01363,
        "map_at_100": 0.01626,
        "map_at_1000": 0.01903,
        "recall_at_1": 0.0051,
        "recall_at_3": 0.01516,
        "recall_at_5": 0.02102,
        "recall_at_10": 0.03109,
        "recall_at_20": 0.05115,
        "recall_at_100": 0.16404,
        "recall_at_1000": 0.92008,
        "precision_at_1": 0.00612,
        "precision_at_3": 0.00714,
        "precision_at_5": 0.00612,
        "precision_at_10": 0.00443,
        "precision_at_20": 0.00382,
        "precision_at_100": 0.00291,
        "precision_at_1000": 0.00178,
        "mrr_at_1": 0.006116,
        "mrr_at_3": 0.012487,
        "mrr_at_5": 0.013863,
        "mrr_at_10": 0.015593,
        "mrr_at_20": 0.017606,
        "mrr_at_100": 0.021191,
        "mrr_at_1000": 0.023463,
        "nauc_ndcg_at_1_max": 0.360114,
        "nauc_ndcg_at_1_std": -0.109221,
        "nauc_ndcg_at_1_diff1": 0.745938,
        "nauc_ndcg_at_3_max": 0.403344,
        "nauc_ndcg_at_3_std": -0.184613,
        "nauc_ndcg_at_3_diff1": 0.148672,
        "nauc_ndcg_at_5_max": 0.419199,
        "nauc_ndcg_at_5_std": -0.139743,
        "nauc_ndcg_at_5_diff1": 0.092464,
        "nauc_ndcg_at_10_max": 0.366414,
        "nauc_ndcg_at_10_std": -0.136566,
        "nauc_ndcg_at_10_diff1": 0.06988,
        "nauc_ndcg_at_20_max": 0.344076,
        "nauc_ndcg_at_20_std": -0.133665,
        "nauc_ndcg_at_20_diff1": 0.07192,
        "nauc_ndcg_at_100_max": 0.210453,
        "nauc_ndcg_at_100_std": -0.144826,
        "nauc_ndcg_at_100_diff1": 0.018958,
        "nauc_ndcg_at_1000_max": 0.178835,
        "nauc_ndcg_at_1000_std": -0.144605,
        "nauc_ndcg_at_1000_diff1": 0.044633,
        "nauc_map_at_1_max": 0.232136,