{
  "dataset_revision": "d67138e705d963e346253a80e59676ddb418810a",
  "task_name": "MultiLongDocRetrieval",
  "mteb_version": "1.38.39",
  "scores": {
    "dev": [
      {
        "ndcg_at_1": 0.035,
        "ndcg_at_3": 0.05893,
        "ndcg_at_5": 0.0671,
        "ndcg_at_10": 0.07893,
        "ndcg_at_20": 0.08925,
        "ndcg_at_100": 0.11694,
        "ndcg_at_1000": 0.15391,
        "map_at_1": 0.035,
        "map_at_3": 0.05333,
        "map_at_5": 0.05783,
        "map_at_10": 0.06301,
        "map_at_20": 0.06595,
        "map_at_100": 0.06936,
        "map_at_1000": 0.07034,
        "recall_at_1": 0.035,
        "recall_at_3": 0.075,
        "recall_at_5": 0.095,
        "recall_at_10": 0.13,
        "recall_at_20": 0.17,
        "recall_at_100": 0.325,
        "recall_at_1000": 0.64,
        "precision_at_1": 0.035,
        "precision_at_3": 0.025,
        "precision_at_5": 0.019,
        "precision_at_10": 0.013,
        "precision_at_20": 0.0085,
        "precision_at_100": 0.00325,
        "precision_at_1000": 0.00064,
        "mrr_at_1": 0.035,
        "mrr_at_3": 0.053333,
        "mrr_at_5": 0.057833,
        "mrr_at_10": 0.063012,
        "mrr_at_20": 0.065954,
        "mrr_at_100": 0.069358,
        "mrr_at_1000": 0.070336,
        "nauc_ndcg_at_1_max": 0.726321,
        "nauc_ndcg_at_1_std": 0.501361,
        "nauc_ndcg_at_1_diff1": 0.127333,
        "nauc_ndcg_at_3_max": 0.630796,
        "nauc_ndcg_at_3_std": 0.554493,
        "nauc_ndcg_at_3_diff1": 0.251647,
        "nauc_ndcg_at_5_max": 0.562037,
        "nauc_ndcg_at_5_std": 0.494991,
        "nauc_ndcg_at_5_diff1": 0.23569,
        "nauc_ndcg_at_10_max": 0.514875,
        "nauc_ndcg_at_10_std": 0.448348,
        "nauc_ndcg_at_10_diff1": 0.204532,
        "nauc_ndcg_at_20_max": 0.529256,
        "nauc_ndcg_at_20_std": 0.478564,
        "nauc_ndcg_at_20_diff1": 0.153692,
        "nauc_ndcg_at_100_max": 0.547053,
        "nauc_ndcg_at_100_std": 0.540675,
        "nauc_ndcg_at_100_diff1": 0.162465,
        "nauc_ndcg_at_1000_max": 0.532592,
        "nauc_ndcg_at_1000_std": 0.500807,
        "nauc_ndcg_at_1000_diff1": 0.172523,
        "nauc_map_at_1_max": 0.726321,
        "nauc_map_at_1_std": 0.501361,
        "nauc_map_at_1_diff1": 0.127333,
        "nauc_map_at_3_max": 0.643438,
        "nauc_map_at_3_std": 0.54599,
        "nauc_map_at_3_diff1": 0.241347,
        "nauc_map_at_5_max": 0.599409,
        "nauc_map_at_5_std": 0.510668,
        "nauc_map_at_5_diff1": 0.23277,
        "nauc_map_at_10_max": 0.571262,
        "nauc_map_at_10_std": 0.484103,
        "nauc_map_at_10_diff1": 0.215457,
        "nauc_map_at_20_max": 0.575875,
        "nauc_map_at_20_std": 0.494718,
        "nauc_map_at_20_diff1": 0.195623,
        "nauc_map_at_100_max": 0.576472,
        "nauc_map_at_100_std": 0.505568,
        "nauc_map_at_100_diff1": 0.196641,
        "nauc_map_at_1000_max": 0.576198,
        "nauc_map_at_1000_std": 0.504051,
        "nauc_map_at_1000_diff1": 0.196105,
        "nauc_recall_at_1_max": 0.726321,
        "nauc_recall_at_1_std": 0.501361,
        "nauc_recall_at_1_diff1": 0.127333,
        "nauc_recall_at_3_max": 0.605581,
        "nauc_recall_at_3_std": 0.57197,
        "nauc_recall_at_3_diff1": 0.27003,
        "nauc_recall_at_5_max": 0.489882,
        "nauc_recall_at_5_std": 0.460382,
        "nauc_recall_at_5_diff1": 0.236538,
        "nauc_recall_at_10_max": 0.418415,
        "nauc_recall_at_10_std": 0.382105,
        "nauc_recall_at_10_diff1": 0.18024,
        "nauc_recall_at_20_max": 0.463742,
        "nauc_recall_at_20_std": 0.458168,
        "nauc_recall_at_20_diff1": 0.075955,
        "nauc_recall_at_100_max": 0.535091,
        "nauc_recall_at_100_std": 0.622001,
        "nauc_recall_at_100_diff1": 0.117587,
        "nauc_recall_at_1000_max": 0.466144,
        "nauc_recall_at_1000_std": 0.462359,
        "nauc_recall_at_1000_diff1": 0.177545,
        "nauc_precision_at_1_max": 0.726321,
        "nauc_precision_at_1_std": 0.501361,
        "nauc_precision_at_1_diff1": 0.127333,
        "nauc_precision_at_3_max": 0.605581,
        "nauc_precision_at_3_std": 0.57197,
        "nauc_precision_at_3_diff1": 0.27003,
        "nauc_precision_at_5_max": 0.489882,
        "nauc_precision_at_5_std": 0.460382,
        "nauc_precision_at_5_diff1": 0.236538,
        "nauc_precision_at_10_max": 0.418415,
        "nauc_precision_at_10_std": 0.382105,
        "nauc_precision_at_10_diff1": 0.18024,
        "nauc_precision_at_20_max": 0.463742,
        "nauc_precision_at_20_std": 0.458168,
        "nauc_precision_at_20_diff1": 0.075955,
        "nauc_precision_at_100_max": 0.535091,
        "nauc_precision_at_100_std": 0.622001,
        "nauc_precision_at_100_diff1": 0.117587,
        "nauc_precision_at_1000_max": 0.466144,
        "nauc_precision_at_1000_std": 0.462359,
        "nauc_precision_at_1000_diff1": 0.177545,
        "nauc_mrr_at_1_max": 0.726321,
        "nauc_mrr_at_1_std": 0.501361,
        "nauc_mrr_at_1_diff1": 0.127333,
        "nauc_mrr_at_3_max": 0.643438,
        "nauc_mrr_at_3_std": 0.54599,
        "nauc_mrr_at_3_diff1": 0.241347,
        "nauc_mrr_at_5_max": 0.599409,
        "nauc_mrr_at_5_std": 0.510668,
        "nauc_mrr_at_5_diff1": 0.23277,
        "nauc_mrr_at_10_max": 0.571262,
        "nauc_mrr_at_10_std": 0.484103,
        "nauc_mrr_at_10_diff1": 0.215457,
        "nauc_mrr_at_20_max": 0.575875,
        "nauc_mrr_at_20_std": 0.494718,
        "nauc_mrr_at_20_diff1": 0.195623,
        "nauc_mrr_at_100_max": 0.576472,
        "nauc_mrr_at_100_std": 0.505568,
        "nauc_mrr_at_100_diff1": 0.196641,
        "nauc_mrr_at_1000_max": 0.576198,
        "nauc_mrr_at_1000_std": 0.504051,
        "nauc_mrr_at_1000_diff1": 0.196105,
        "main_score": 0.07893,
        "hf_subset": "ko",
        "languages": [
          "kor-Hang"
        ]
      }
    ],
    "test": [
      {
        "ndcg_at_1": 0.035,
        "ndcg_at_3": 0.06393,
        "ndcg_at_5": 0.07426,
        "ndcg_at_10": 0.0887,
        "ndcg_at_20": 0.09599,
        "ndcg_at_100": 0.12324,
        "ndcg_at_1000": 0.15727,
        "map_at_1": 0.035,
        "map_at_3": 0.05667,
        "map_at_5": 0.06242,
        "map_at_10": 0.06832,
        "map_at_20": 0.07016,
        "map_at_100": 0.07403,
        "map_at_1000": 0.07504,
        "recall_at_1": 0.035,
        "recall_at_3": 0.085,
        "recall_at_5": 0.11,
        "recall_at_10": 0.155,
        "recall_at_20": 0.185,
        "recall_at_100": 0.33,
        "recall_at_1000": 0.615,
        "precision_at_1": 0.035,
        "precision_at_3": 0.02833,
        "precision_at_5": 0.022,
        "precision_at_10": 0.0155,
        "precision_at_20": 0.00925,
        "precision_at_100": 0.0033,
        "precision_at_1000": 0.00062,
        "mrr_at_1": 0.035,
        "mrr_at_3": 0.056667,
        "mrr_at_5": 0.062417,
        "mrr_at_10": 0.068317,
        "mrr_at_20": 0.070161,
        "mrr_at_100": 0.074026,
        "mrr_at_1000": 0.075036,
        "nauc_ndcg_at_1_max": 0.710223,
        "nauc_ndcg_at_1_std": 0.586262,
        "nauc_ndcg_at_1_diff1": 0.333512,
        "nauc_ndcg_at_3_max": 0.628184,
        "nauc_ndcg_at_3_std": 0.480101,
        "nauc_ndcg_at_3_diff1": 0.172091,
        "nauc_ndcg_at_5_max": 0.653725,
        "nauc_ndcg_at_5_std": 0.500409,
        "nauc_ndcg_at_5_diff1": 0.129166,
        "nauc_ndcg_at_10_max": 0.621038,
        "nauc_ndcg_at_10_std": 0.457989,
        "nauc_ndcg_at_10_diff1": 0.133081,
        "nauc_ndcg_at_20_max": 0.632386,
        "nauc_ndcg_at_20_std": 0.474057,
        "nauc_ndcg_at_20_diff1": 0.109641,
        "nauc_ndcg_at_100_max": 0.593014,
        "nauc_ndcg_at_100_std": 0.478275,
        "nauc_ndcg_at_100_diff1": 0.080412,
        "nauc_ndcg_at_1000_max": 0.599003,
        "nauc_ndcg_at_1000_std": 0.466558,
        "nauc_ndcg_at_1000_diff1": 0.086735,
        "nauc_map_at_1_max": 0.710223,
        "nauc_map_at_1_std": 0.586262,
        "nauc_map_at_1_diff1": 0.333512,