{
  "dataset_revision": "main",
  "task_name": "PublicHealthQA",
  "mteb_version": "1.38.39",
  "scores": {
    "test": [
      {
        "ndcg_at_1": 0.02597,
        "ndcg_at_3": 0.08782,
        "ndcg_at_5": 0.09284,
        "ndcg_at_10": 0.11663,
        "ndcg_at_20": 0.16495,
        "ndcg_at_100": 0.27545,
        "ndcg_at_1000": 0.27545,
        "map_at_1": 0.02597,
        "map_at_3": 0.06926,
        "map_at_5": 0.07186,
        "map_at_10": 0.08086,
        "map_at_20": 0.09365,
        "map_at_100": 0.11037,
        "map_at_1000": 0.11037,
        "recall_at_1": 0.02597,
        "recall_at_3": 0.14286,
        "recall_at_5": 0.15584,
        "recall_at_10": 0.23377,
        "recall_at_20": 0.42857,
        "recall_at_100": 1.0,
        "recall_at_1000": 1.0,
        "precision_at_1": 0.02597,
        "precision_at_3": 0.04762,
        "precision_at_5": 0.03117,
        "precision_at_10": 0.02338,
        "precision_at_20": 0.02143,
        "precision_at_100": 0.01,
        "precision_at_1000": 0.001,
        "mrr_at_1": 0.025974,
        "mrr_at_3": 0.069264,
        "mrr_at_5": 0.071861,
        "mrr_at_10": 0.08086,
        "mrr_at_20": 0.093655,
        "mrr_at_100": 0.110372,
        "mrr_at_1000": 0.110372,
        "nauc_ndcg_at_1_max": 0.01183,
        "nauc_ndcg_at_1_std": 0.211073,
        "nauc_ndcg_at_1_diff1": 0.211073,
        "nauc_ndcg_at_3_max": 0.150161,
        "nauc_ndcg_at_3_std": 0.068471,
        "nauc_ndcg_at_3_diff1": -0.04852,
        "nauc_ndcg_at_5_max": 0.10995,
        "nauc_ndcg_at_5_std": 0.061442,
        "nauc_ndcg_at_5_diff1": -0.058837,
        "nauc_ndcg_at_10_max": 0.113718,
        "nauc_ndcg_at_10_std": -0.027272,
        "nauc_ndcg_at_10_diff1": -0.064724,
        "nauc_ndcg_at_20_max": 0.144236,
        "nauc_ndcg_at_20_std": 0.030466,
        "nauc_ndcg_at_20_diff1": -0.036856,
        "nauc_ndcg_at_100_max": 0.134245,
        "nauc_ndcg_at_100_std": 0.039847,
        "nauc_ndcg_at_100_diff1": -0.031146,
        "nauc_ndcg_at_1000_max": 0.134245,
        "nauc_ndcg_at_1000_std": 0.039847,
        "nauc_ndcg_at_1000_diff1": -0.031146,
        "nauc_map_at_1_max": 0.01183,
        "nauc_map_at_1_std": 0.211073,
        "nauc_map_at_1_diff1": 0.211073,
        "nauc_map_at_3_max": 0.12295,
        "nauc_map_at_3_std": 0.085341,
        "nauc_map_at_3_diff1": -0.004515,
        "nauc_map_at_5_max": 0.09725,
        "nauc_map_at_5_std": 0.080283,
        "nauc_map_at_5_diff1": -0.012443,
        "nauc_map_at_10_max": 0.10379,
        "nauc_map_at_10_std": 0.031719,
        "nauc_map_at_10_diff1": -0.017213,
        "nauc_map_at_20_max": 0.112319,
        "nauc_map_at_20_std": 0.05272,
        "nauc_map_at_20_diff1": -0.004211,
        "nauc_map_at_100_max": 0.115358,
        "nauc_map_at_100_std": 0.054823,
        "nauc_map_at_100_diff1": -0.006877,
        "nauc_map_at_1000_max": 0.115358,
        "nauc_map_at_1000_std": 0.054823,
        "nauc_map_at_1000_diff1": -0.006877,
        "nauc_recall_at_1_max": 0.01183,
        "nauc_recall_at_1_std": 0.211073,
        "nauc_recall_at_1_diff1": 0.211073,
        "nauc_recall_at_3_max": 0.192264,
        "nauc_recall_at_3_std": 0.043498,
        "nauc_recall_at_3_diff1": -0.115896,
        "nauc_recall_at_5_max": 0.126116,
        "nauc_recall_at_5_std": 0.03397,
        "nauc_recall_at_5_diff1": -0.127948,
        "nauc_recall_at_10_max": 0.120938,
        "nauc_recall_at_10_std": -0.114418,
        "nauc_recall_at_10_diff1": -0.126466,
        "nauc_recall_at_20_max": 0.190901,
        "nauc_recall_at_20_std": 0.012112,
        "nauc_recall_at_20_diff1": -0.072116,
        "nauc_recall_at_100_max": NaN,
        "nauc_recall_at_100_std": NaN,
        "nauc_recall_at_100_diff1": NaN,
        "nauc_recall_at_1000_max": NaN,
        "nauc_recall_at_1000_std": NaN,
        "nauc_recall_at_1000_diff1": NaN,
        "nauc_precision_at_1_max": 0.01183,
        "nauc_precision_at_1_std": 0.211073,
        "nauc_precision_at_1_diff1": 0.211073,
        "nauc_precision_at_3_max": 0.192264,
        "nauc_precision_at_3_std": 0.043498,
        "nauc_precision_at_3_diff1": -0.115896,
        "nauc_precision_at_5_max": 0.126116,
        "nauc_precision_at_5_std": 0.03397,
        "nauc_precision_at_5_diff1": -0.127948,
        "nauc_precision_at_10_max": 0.120938,
        "nauc_precision_at_10_std": -0.114418,
        "nauc_precision_at_10_diff1": -0.126466,
        "nauc_precision_at_20_max": 0.190901,
        "nauc_precision_at_20_std": 0.012112,
        "nauc_precision_at_20_diff1": -0.072116,
        "nauc_precision_at_100_max": 1.0,
        "nauc_precision_at_100_std": 1.0,
        "nauc_precision_at_100_diff1": 1.0,
        "nauc_precision_at_1000_max": NaN,
        "nauc_precision_at_1000_std": NaN,
        "nauc_precision_at_1000_diff1": NaN,
        "nauc_mrr_at_1_max": 0.01183,
        "nauc_mrr_at_1_std": 0.211073,
        "nauc_mrr_at_1_diff1": 0.211073,
        "nauc_mrr_at_3_max": 0.12295,
        "nauc_mrr_at_3_std": 0.085341,
        "nauc_mrr_at_3_diff1": -0.004515,
        "nauc_mrr_at_5_max": 0.09725,
        "nauc_mrr_at_5_std": 0.080283,
        "nauc_mrr_at_5_diff1": -0.012443,
        "nauc_mrr_at_10_max": 0.10379,
        "nauc_mrr_at_10_std": 0.031719,
        "nauc_mrr_at_10_diff1": -0.017213,
        "nauc_mrr_at_20_max": 0.112319,
        "nauc_mrr_at_20_std": 0.05272,
        "nauc_mrr_at_20_diff1": -0.004211,
        "nauc_mrr_at_100_max": 0.115358,
        "nauc_mrr_at_100_std": 0.054823,
        "nauc_mrr_at_100_diff1": -0.006877,
        "nauc_mrr_at_1000_max": 0.115358,
        "nauc_mrr_at_1000_std": 0.054823,
        "nauc_mrr_at_1000_diff1": -0.006877,
        "main_score": 0.11663,
        "hf_subset": "korean",
        "languages": [
          "kor-Hang"
        ]
      }
    ]
  },
  "evaluation_time": 0.25426602363586426,
  "kg_co2_emissions": null
}