{
  "dataset_revision": "fd7df84ac089bbec763b1c6bb1b56e985df5cc5c",
  "task_name": "AutoRAGRetrieval",
  "mteb_version": "1.29.7",
  "scores": {
    "test": [
      {
        "ndcg_at_1": 0.67544,
        "ndcg_at_3": 0.78707,
        "ndcg_at_5": 0.80897,
        "ndcg_at_10": 0.82283,
        "ndcg_at_20": 0.83169,
        "ndcg_at_100": 0.83363,
        "ndcg_at_1000": 0.83363,
        "map_at_1": 0.67544,
        "map_at_3": 0.7617,
        "map_at_5": 0.77398,
        "map_at_10": 0.77952,
        "map_at_20": 0.78193,
        "map_at_100": 0.78233,
        "map_at_1000": 0.78233,
        "recall_at_1": 0.67544,
        "recall_at_3": 0.85965,
        "recall_at_5": 0.91228,
        "recall_at_10": 0.95614,
        "recall_at_20": 0.99123,
        "recall_at_100": 1.0,
        "recall_at_1000": 1.0,
        "precision_at_1": 0.67544,
        "precision_at_3": 0.28655,
        "precision_at_5": 0.18246,
        "precision_at_10": 0.09561,
        "precision_at_20": 0.04956,
        "precision_at_100": 0.01,
        "precision_at_1000": 0.001,
        "mrr_at_1": 0.675439,
        "mrr_at_3": 0.761696,
        "mrr_at_5": 0.773977,
        "mrr_at_10": 0.779518,
        "mrr_at_20": 0.781931,
        "mrr_at_100": 0.782329,
        "mrr_at_1000": 0.782329,
        "nauc_ndcg_at_1_max": 0.225136,
        "nauc_ndcg_at_1_std": -0.483843,
        "nauc_ndcg_at_1_diff1": 0.779828,
        "nauc_ndcg_at_3_max": 0.295658,
        "nauc_ndcg_at_3_std": -0.533986,
        "nauc_ndcg_at_3_diff1": 0.77103,
        "nauc_ndcg_at_5_max": 0.30775,
        "nauc_ndcg_at_5_std": -0.534469,
        "nauc_ndcg_at_5_diff1": 0.797635,
        "nauc_ndcg_at_10_max": 0.318787,
        "nauc_ndcg_at_10_std": -0.544287,
        "nauc_ndcg_at_10_diff1": 0.786963,
        "nauc_ndcg_at_20_max": 0.293415,
        "nauc_ndcg_at_20_std": -0.535879,
        "nauc_ndcg_at_20_diff1": 0.78413,
        "nauc_ndcg_at_100_max": 0.28769,
        "nauc_ndcg_at_100_std": -0.51959,
        "nauc_ndcg_at_100_diff1": 0.781249,
        "nauc_ndcg_at_1000_max": 0.28769,
        "nauc_ndcg_at_1000_std": -0.51959,
        "nauc_ndcg_at_1000_diff1": 0.781249,
        "nauc_map_at_1_max": 0.225136,
        "nauc_map_at_1_std": -0.483843,
        "nauc_map_at_1_diff1": 0.779828,
        "nauc_map_at_3_max": 0.279848,
        "nauc_map_at_3_std": -0.517812,
        "nauc_map_at_3_diff1": 0.771939,
        "nauc_map_at_5_max": 0.284398,
        "nauc_map_at_5_std": -0.518601,
        "nauc_map_at_5_diff1": 0.784618,
        "nauc_map_at_10_max": 0.286943,
        "nauc_map_at_10_std": -0.520162,
        "nauc_map_at_10_diff1": 0.780805,
        "nauc_map_at_20_max": 0.28128,
        "nauc_map_at_20_std": -0.51723,
        "nauc_map_at_20_diff1": 0.780099,
        "nauc_map_at_100_max": 0.280351,
        "nauc_map_at_100_std": -0.51462,
        "nauc_map_at_100_diff1": 0.779636,
        "nauc_map_at_1000_max": 0.280351,
        "nauc_map_at_1000_std": -0.51462,
        "nauc_map_at_1000_diff1": 0.779636,
        "nauc_recall_at_1_max": 0.225136,
        "nauc_recall_at_1_std": -0.483843,
        "nauc_recall_at_1_diff1": 0.779828,
        "nauc_recall_at_3_max": 0.362249,
        "nauc_recall_at_3_std": -0.606539,
        "nauc_recall_at_3_diff1": 0.768158,
        "nauc_recall_at_5_max": 0.457987,
        "nauc_recall_at_5_std": -0.634071,
        "nauc_recall_at_5_diff1": 0.892397,
        "nauc_recall_at_10_max": 0.740343,
        "nauc_recall_at_10_std": -0.871464,
        "nauc_recall_at_10_diff1": 0.866355,
        "nauc_recall_at_20_max": 0.722407,
        "nauc_recall_at_20_std": -1.756536,
        "nauc_recall_at_20_diff1": 1.0,
        "nauc_recall_at_100_max": NaN,
        "nauc_recall_at_100_std": NaN,
        "nauc_recall_at_100_diff1": NaN,
        "nauc_recall_at_1000_max": NaN,
        "nauc_recall_at_1000_std": NaN,
        "nauc_recall_at_1000_diff1": NaN,
        "nauc_precision_at_1_max": 0.225136,
        "nauc_precision_at_1_std": -0.483843,
        "nauc_precision_at_1_diff1": 0.779828,
        "nauc_precision_at_3_max": 0.362249,
        "nauc_precision_at_3_std": -0.606539,
        "nauc_precision_at_3_diff1": 0.768158,
        "nauc_precision_at_5_max": 0.457987,
        "nauc_precision_at_5_std": -0.634071,
        "nauc_precision_at_5_diff1": 0.892397,
        "nauc_precision_at_10_max": 0.740343,
        "nauc_precision_at_10_std": -0.871464,
        "nauc_precision_at_10_diff1": 0.866355,
        "nauc_precision_at_20_max": 0.722407,
        "nauc_precision_at_20_std": -1.756536,
        "nauc_precision_at_20_diff1": 1.0,
        "nauc_precision_at_100_max": 1.0,
        "nauc_precision_at_100_std": 1.0,
        "nauc_precision_at_100_diff1": 1.0,
        "nauc_precision_at_1000_max": 1.0,
        "nauc_precision_at_1000_std": 1.0,
        "nauc_precision_at_1000_diff1": 1.0,
        "nauc_mrr_at_1_max": 0.225136,
        "nauc_mrr_at_1_std": -0.483843,
        "nauc_mrr_at_1_diff1": 0.779828,
        "nauc_mrr_at_3_max": 0.279848,
        "nauc_mrr_at_3_std": -0.517812,
        "nauc_mrr_at_3_diff1": 0.771939,
        "nauc_mrr_at_5_max": 0.284398,
        "nauc_mrr_at_5_std": -0.518601,
        "nauc_mrr_at_5_diff1": 0.784618,
        "nauc_mrr_at_10_max": 0.286943,
        "nauc_mrr_at_10_std": -0.520162,
        "nauc_mrr_at_10_diff1": 0.780805,
        "nauc_mrr_at_20_max": 0.28128,
        "nauc_mrr_at_20_std": -0.51723,
        "nauc_mrr_at_20_diff1": 0.780099,
        "nauc_mrr_at_100_max": 0.280351,
        "nauc_mrr_at_100_std": -0.51462,
        "nauc_mrr_at_100_diff1": 0.779636,
        "nauc_mrr_at_1000_max": 0.280351,
        "nauc_mrr_at_1000_std": -0.51462,
        "nauc_mrr_at_1000_diff1": 0.779636,
        "main_score": 0.82283,
        "hf_subset": "default",
        "languages": [
          "kor-Hang"
        ]
      }
    ]
  },
  "evaluation_time": 16.034239292144775,
  "kg_co2_emissions": null
}