{
  "dataset_revision": "75b399394a9803252cfec289d103de462763db7c",
  "task_name": "BelebeleRetrieval",
  "mteb_version": "1.29.7",
  "scores": {
    "test": [
      {
        "ndcg_at_1": 0.86667,
        "ndcg_at_3": 0.91087,
        "ndcg_at_5": 0.91867,
        "ndcg_at_10": 0.92494,
        "ndcg_at_20": 0.92711,
        "ndcg_at_100": 0.92835,
        "ndcg_at_1000": 0.92907,
        "map_at_1": 0.86667,
        "map_at_3": 0.90037,
        "map_at_5": 0.9047,
        "map_at_10": 0.90739,
        "map_at_20": 0.90795,
        "map_at_100": 0.90812,
        "map_at_1000": 0.90815,
        "recall_at_1": 0.86667,
        "recall_at_3": 0.94111,
        "recall_at_5": 0.96,
        "recall_at_10": 0.97889,
        "recall_at_20": 0.98778,
        "recall_at_100": 0.99444,
        "recall_at_1000": 1.0,
        "precision_at_1": 0.86667,
        "precision_at_3": 0.3137,
        "precision_at_5": 0.192,
        "precision_at_10": 0.09789,
        "precision_at_20": 0.04939,
        "precision_at_100": 0.00994,
        "precision_at_1000": 0.001,
        "mrr_at_1": 0.866667,
        "mrr_at_3": 0.90037,
        "mrr_at_5": 0.904704,
        "mrr_at_10": 0.907391,
        "mrr_at_20": 0.90795,
        "mrr_at_100": 0.908125,
        "mrr_at_1000": 0.908151,
        "nauc_ndcg_at_1_max": 0.809431,
        "nauc_ndcg_at_1_std": 0.077703,
        "nauc_ndcg_at_1_diff1": 0.913956,
        "nauc_ndcg_at_3_max": 0.820467,
        "nauc_ndcg_at_3_std": 0.06328,
        "nauc_ndcg_at_3_diff1": 0.901911,
        "nauc_ndcg_at_5_max": 0.817817,
        "nauc_ndcg_at_5_std": 0.06909,
        "nauc_ndcg_at_5_diff1": 0.899865,
        "nauc_ndcg_at_10_max": 0.813675,
        "nauc_ndcg_at_10_std": 0.085208,
        "nauc_ndcg_at_10_diff1": 0.899957,
        "nauc_ndcg_at_20_max": 0.813868,
        "nauc_ndcg_at_20_std": 0.083328,
        "nauc_ndcg_at_20_diff1": 0.902572,
        "nauc_ndcg_at_100_max": 0.812717,
        "nauc_ndcg_at_100_std": 0.078141,
        "nauc_ndcg_at_100_diff1": 0.902578,
        "nauc_ndcg_at_1000_max": 0.814349,
        "nauc_ndcg_at_1000_std": 0.081168,
        "nauc_ndcg_at_1000_diff1": 0.903743,
        "nauc_map_at_1_max": 0.809431,
        "nauc_map_at_1_std": 0.077703,
        "nauc_map_at_1_diff1": 0.913956,
        "nauc_map_at_3_max": 0.816947,
        "nauc_map_at_3_std": 0.070964,
        "nauc_map_at_3_diff1": 0.905182,
        "nauc_map_at_5_max": 0.815584,
        "nauc_map_at_5_std": 0.074434,
        "nauc_map_at_5_diff1": 0.904279,
        "nauc_map_at_10_max": 0.814187,
        "nauc_map_at_10_std": 0.080663,
        "nauc_map_at_10_diff1": 0.904549,
        "nauc_map_at_20_max": 0.814403,
        "nauc_map_at_20_std": 0.080926,
        "nauc_map_at_20_diff1": 0.905252,
        "nauc_map_at_100_max": 0.814323,
        "nauc_map_at_100_std": 0.080427,
        "nauc_map_at_100_diff1": 0.905301,
        "nauc_map_at_1000_max": 0.814369,
        "nauc_map_at_1000_std": 0.080521,
        "nauc_map_at_1000_diff1": 0.905335,
        "nauc_recall_at_1_max": 0.809431,
        "nauc_recall_at_1_std": 0.077703,
        "nauc_recall_at_1_diff1": 0.913956,
        "nauc_recall_at_3_max": 0.83728,
        "nauc_recall_at_3_std": 0.024479,
        "nauc_recall_at_3_diff1": 0.886687,
        "nauc_recall_at_5_max": 0.831816,
        "nauc_recall_at_5_std": 0.030877,
        "nauc_recall_at_5_diff1": 0.870396,
        "nauc_recall_at_10_max": 0.79854,
        "nauc_recall_at_10_std": 0.155192,
        "nauc_recall_at_10_diff1": 0.842646,
        "nauc_recall_at_20_max": 0.782277,
        "nauc_recall_at_20_std": 0.124013,
        "nauc_recall_at_20_diff1": 0.855488,
        "nauc_recall_at_100_max": 0.654995,
        "nauc_recall_at_100_std": -0.206069,
        "nauc_recall_at_100_diff1": 0.789916,
        "nauc_recall_at_1000_max": NaN,
        "nauc_recall_at_1000_std": NaN,
        "nauc_recall_at_1000_diff1": NaN,
        "nauc_precision_at_1_max": 0.809431,
        "nauc_precision_at_1_std": 0.077703,
        "nauc_precision_at_1_diff1": 0.913956,
        "nauc_precision_at_3_max": 0.83728,
        "nauc_precision_at_3_std": 0.024479,
        "nauc_precision_at_3_diff1": 0.886687,
        "nauc_precision_at_5_max": 0.831816,
        "nauc_precision_at_5_std": 0.030877,
        "nauc_precision_at_5_diff1": 0.870396,
        "nauc_precision_at_10_max": 0.79854,
        "nauc_precision_at_10_std": 0.155192,
        "nauc_precision_at_10_diff1": 0.842646,
        "nauc_precision_at_20_max": 0.782277,
        "nauc_precision_at_20_std": 0.124013,
        "nauc_precision_at_20_diff1": 0.855488,
        "nauc_precision_at_100_max": 0.654995,
        "nauc_precision_at_100_std": -0.206069,
        "nauc_precision_at_100_diff1": 0.789916,
        "nauc_precision_at_1000_max": NaN,
        "nauc_precision_at_1000_std": NaN,
        "nauc_precision_at_1000_diff1": NaN,
        "nauc_mrr_at_1_max": 0.809431,
        "nauc_mrr_at_1_std": 0.077703,
        "nauc_mrr_at_1_diff1": 0.913956,
        "nauc_mrr_at_3_max": 0.816947,
        "nauc_mrr_at_3_std": 0.070964,
        "nauc_mrr_at_3_diff1": 0.905182,
        "nauc_mrr_at_5_max": 0.815584,
        "nauc_mrr_at_5_std": 0.074434,
        "nauc_mrr_at_5_diff1": 0.904279,
        "nauc_mrr_at_10_max": 0.814187,
        "nauc_mrr_at_10_std": 0.080663,
        "nauc_mrr_at_10_diff1": 0.904549,
        "nauc_mrr_at_20_max": 0.814403,
        "nauc_mrr_at_20_std": 0.080926,
        "nauc_mrr_at_20_diff1": 0.905252,
        "nauc_mrr_at_100_max": 0.814323,
        "nauc_mrr_at_100_std": 0.080427,
        "nauc_mrr_at_100_diff1": 0.905301,
        "nauc_mrr_at_1000_max": 0.814369,
        "nauc_mrr_at_1000_std": 0.080521,
        "nauc_mrr_at_1000_diff1": 0.905335,
        "main_score": 0.92494,
        "hf_subset": "kor_Hang-kor_Hang",
        "languages": [
          "kor-Hang",
          "kor-Hang"
        ]
      },
      {
        "ndcg_at_1": 0.84111,
        "ndcg_at_3": 0.88599,
        "ndcg_at_5": 0.89962,
        "ndcg_at_10": 0.90776,
        "ndcg_at_20": 0.90974,
        "ndcg_at_100": 0.9119,
        "ndcg_at_1000": 0.91263,
        "map_at_1": 0.84111,
        "map_at_3": 0.875,
        "map_at_5": 0.8825,
        "map_at_10": 0.88599,
        "map_at_20": 0.88655,
        "map_at_100": 0.88688,
        "map_at_1000": 0.88691,
        "recall_at_1": 0.84111,
        "recall_at_3": 0.91778,
        "recall_at_5": 0.95111,
        "recall_at_10": 0.97556,
        "recall_at_20": 0.98333,
        "recall_at_100": 0.99444,
        "recall_at_1000": 1.0,
        "precision_at_1": 0.84111,
        "precision_at_3": 0.30593,
        "precision_at_5": 0.19022,
        "precision_at_10": 0.09756,
        "precision_at_20": 0.04917,
        "precision_at_100": 0.00994,
        "precision_at_1000": 0.001,
        "mrr_at_1": 0.841111,
        "mrr_at_3": 0.875,
        "mrr_at_5": 0.8825,
        "mrr_at_10": 0.885992,
        "mrr_at_20": 0.886548,
        "mrr_at_100": 0.886879,
        "mrr_at_1000": 0.886909,
        "nauc_ndcg_at_1_max": 0.672535,
        "nauc_ndcg_at_1_std": -0.102211,
        "nauc_ndcg_at_1_diff1": 0.890986,
        "nauc_ndcg_at_3_max": 0.700377,
        "nauc_ndcg_at_3_std": -0.094453,
        "nauc_ndcg_at_3_diff1": 0.871755,
        "nauc_ndcg_at_5_max": 0.699834,
        "nauc_ndcg_at_5_std": -0.056904,
        "nauc_ndcg_at_5_diff1": 0.87572,
        "nauc_ndcg_at_10_max": 0.694716,
        "nauc_ndcg_at_10_std": -0.063242,
        "nauc_ndcg_at_10_diff1": 0.873149,
        "nauc_ndcg_at_20_max": 0.690881,
        "nauc_ndcg_at_20_std": -0.077546,
        "nauc_ndcg_at_20_diff1": 0.874494,
        "nauc_ndcg_at_100_max": 0.690163,
        "nauc_ndcg_at_100_std": -0.078402,
        "nauc_ndcg_at_100_diff1": 0.877133,
        "nauc_ndcg_at_1000_max": 0.690934,
        "nauc_ndcg_at_1000_std": -0.078291,
        "nauc_ndcg_at_1000_diff1": 0.877266,
        "nauc_map_at_1_max": 0.672535,
        "nauc_map_at_1_std": -0.102211,