{
  "dataset_revision": "d243889a3eb6654029dbd7e7f9319ae31d58f97c",
  "task_name": "Ko-StrategyQA",
  "mteb_version": "1.29.7",
  "scores": {
    "dev": [
      {
        "ndcg_at_1": 0.68919,
        "ndcg_at_3": 0.69075,
        "ndcg_at_5": 0.72451,
        "ndcg_at_10": 0.74713,
        "ndcg_at_20": 0.75697,
        "ndcg_at_100": 0.76701,
        "ndcg_at_1000": 0.77514,
        "map_at_1": 0.44227,
        "map_at_3": 0.64389,
        "map_at_5": 0.67555,
        "map_at_10": 0.69049,
        "map_at_20": 0.69455,
        "map_at_100": 0.69657,
        "map_at_1000": 0.6969,
        "recall_at_1": 0.44227,
        "recall_at_3": 0.70646,
        "recall_at_5": 0.77469,
        "recall_at_10": 0.82942,
        "recall_at_20": 0.86124,
        "recall_at_100": 0.90454,
        "recall_at_1000": 0.95929,
        "precision_at_1": 0.68919,
        "precision_at_3": 0.41273,
        "precision_at_5": 0.28074,
        "precision_at_10": 0.15304,
        "precision_at_20": 0.07973,
        "precision_at_100": 0.01701,
        "precision_at_1000": 0.00182,
        "mrr_at_1": 0.689189,
        "mrr_at_3": 0.75366,
        "mrr_at_5": 0.760586,
        "mrr_at_10": 0.764121,
        "mrr_at_20": 0.765557,
        "mrr_at_100": 0.765957,
        "mrr_at_1000": 0.766139,
        "nauc_ndcg_at_1_max": 0.532266,
        "nauc_ndcg_at_1_std": 0.240555,
        "nauc_ndcg_at_1_diff1": 0.67363,
        "nauc_ndcg_at_3_max": 0.563842,
        "nauc_ndcg_at_3_std": 0.249371,
        "nauc_ndcg_at_3_diff1": 0.601859,
        "nauc_ndcg_at_5_max": 0.62163,
        "nauc_ndcg_at_5_std": 0.308588,
        "nauc_ndcg_at_5_diff1": 0.604925,
        "nauc_ndcg_at_10_max": 0.635488,
        "nauc_ndcg_at_10_std": 0.341394,
        "nauc_ndcg_at_10_diff1": 0.608687,
        "nauc_ndcg_at_20_max": 0.634007,
        "nauc_ndcg_at_20_std": 0.354885,
        "nauc_ndcg_at_20_diff1": 0.608622,
        "nauc_ndcg_at_100_max": 0.637613,
        "nauc_ndcg_at_100_std": 0.364416,
        "nauc_ndcg_at_100_diff1": 0.617021,
        "nauc_ndcg_at_1000_max": 0.627893,
        "nauc_ndcg_at_1000_std": 0.348726,
        "nauc_ndcg_at_1000_diff1": 0.617383,
        "nauc_map_at_1_max": 0.281151,
        "nauc_map_at_1_std": 0.038734,
        "nauc_map_at_1_diff1": 0.64489,
        "nauc_map_at_3_max": 0.513771,
        "nauc_map_at_3_std": 0.196259,
        "nauc_map_at_3_diff1": 0.591202,
        "nauc_map_at_5_max": 0.564424,
        "nauc_map_at_5_std": 0.239979,
        "nauc_map_at_5_diff1": 0.589346,
        "nauc_map_at_10_max": 0.572335,
        "nauc_map_at_10_std": 0.258239,
        "nauc_map_at_10_diff1": 0.591842,
        "nauc_map_at_20_max": 0.572364,
        "nauc_map_at_20_std": 0.263553,
        "nauc_map_at_20_diff1": 0.591174,
        "nauc_map_at_100_max": 0.573011,
        "nauc_map_at_100_std": 0.265341,
        "nauc_map_at_100_diff1": 0.593183,
        "nauc_map_at_1000_max": 0.572663,
        "nauc_map_at_1000_std": 0.264913,
        "nauc_map_at_1000_diff1": 0.593176,
        "nauc_recall_at_1_max": 0.281151,
        "nauc_recall_at_1_std": 0.038734,
        "nauc_recall_at_1_diff1": 0.64489,
        "nauc_recall_at_3_max": 0.571289,
        "nauc_recall_at_3_std": 0.254151,
        "nauc_recall_at_3_diff1": 0.560089,
        "nauc_recall_at_5_max": 0.699302,
        "nauc_recall_at_5_std": 0.394072,
        "nauc_recall_at_5_diff1": 0.558472,
        "nauc_recall_at_10_max": 0.769214,
        "nauc_recall_at_10_std": 0.52939,
        "nauc_recall_at_10_diff1": 0.563002,
        "nauc_recall_at_20_max": 0.781519,
        "nauc_recall_at_20_std": 0.623518,
        "nauc_recall_at_20_diff1": 0.555354,
        "nauc_recall_at_100_max": 0.888833,
        "nauc_recall_at_100_std": 0.824954,
        "nauc_recall_at_100_diff1": 0.614729,
        "nauc_recall_at_1000_max": 0.926839,
        "nauc_recall_at_1000_std": 0.928173,
        "nauc_recall_at_1000_diff1": 0.631603,
        "nauc_precision_at_1_max": 0.532266,
        "nauc_precision_at_1_std": 0.240555,
        "nauc_precision_at_1_diff1": 0.67363,
        "nauc_precision_at_3_max": 0.436201,
        "nauc_precision_at_3_std": 0.309861,
        "nauc_precision_at_3_diff1": 0.082774,
        "nauc_precision_at_5_max": 0.399676,
        "nauc_precision_at_5_std": 0.326444,
        "nauc_precision_at_5_diff1": -0.01862,
        "nauc_precision_at_10_max": 0.332893,
        "nauc_precision_at_10_std": 0.325607,
        "nauc_precision_at_10_diff1": -0.085599,
        "nauc_precision_at_20_max": 0.287947,
        "nauc_precision_at_20_std": 0.32815,
        "nauc_precision_at_20_diff1": -0.129,
        "nauc_precision_at_100_max": 0.212635,
        "nauc_precision_at_100_std": 0.300793,
        "nauc_precision_at_100_diff1": -0.173649,
        "nauc_precision_at_1000_max": 0.08316,
        "nauc_precision_at_1000_std": 0.194362,
        "nauc_precision_at_1000_diff1": -0.283629,
        "nauc_mrr_at_1_max": 0.532266,
        "nauc_mrr_at_1_std": 0.240555,
        "nauc_mrr_at_1_diff1": 0.67363,
        "nauc_mrr_at_3_max": 0.631809,
        "nauc_mrr_at_3_std": 0.343948,
        "nauc_mrr_at_3_diff1": 0.678109,
        "nauc_mrr_at_5_max": 0.63445,
        "nauc_mrr_at_5_std": 0.358635,
        "nauc_mrr_at_5_diff1": 0.676233,
        "nauc_mrr_at_10_max": 0.632322,
        "nauc_mrr_at_10_std": 0.358864,
        "nauc_mrr_at_10_diff1": 0.675114,
        "nauc_mrr_at_20_max": 0.630818,
        "nauc_mrr_at_20_std": 0.35877,
        "nauc_mrr_at_20_diff1": 0.67601,
        "nauc_mrr_at_100_max": 0.630528,
        "nauc_mrr_at_100_std": 0.358385,
        "nauc_mrr_at_100_diff1": 0.676047,
        "nauc_mrr_at_1000_max": 0.630287,
        "nauc_mrr_at_1000_std": 0.358027,
        "nauc_mrr_at_1000_diff1": 0.676047,
        "main_score": 0.74713,
        "hf_subset": "default",
        "languages": [
          "kor-Hang"
        ]
      }
    ]
  },
  "evaluation_time": 80.78180623054504,
  "kg_co2_emissions": null
}