{
  "dataset_revision": "main",
  "task_name": "MIRACLRetrieval",
  "mteb_version": "1.29.7",
  "scores": {
    "dev": [
      {
        "ndcg_at_1": 0.40845,
        "ndcg_at_3": 0.4559,
        "ndcg_at_5": 0.47795,
        "ndcg_at_10": 0.51967,
        "ndcg_at_20": 0.54414,
        "ndcg_at_100": 0.57992,
        "ndcg_at_1000": 0.59737,
        "map_at_1": 0.26502,
        "map_at_3": 0.36288,
        "map_at_5": 0.39443,
        "map_at_10": 0.42153,
        "map_at_20": 0.43338,
        "map_at_100": 0.44194,
        "map_at_1000": 0.44331,
        "recall_at_1": 0.26502,
        "recall_at_3": 0.4448,
        "recall_at_5": 0.53625,
        "recall_at_10": 0.65618,
        "recall_at_20": 0.72575,
        "recall_at_100": 0.86136,
        "recall_at_1000": 0.96291,
        "precision_at_1": 0.40845,
        "precision_at_3": 0.28169,
        "precision_at_5": 0.21033,
        "precision_at_10": 0.13897,
        "precision_at_20": 0.08122,
        "precision_at_100": 0.02122,
        "precision_at_1000": 0.00246,
        "mrr_at_1": 0.408451,
        "mrr_at_3": 0.520344,
        "mrr_at_5": 0.541002,
        "mrr_at_10": 0.555788,
        "mrr_at_20": 0.558365,
        "mrr_at_100": 0.559726,
        "mrr_at_1000": 0.559889,
        "nauc_ndcg_at_1_max": 0.414361,
        "nauc_ndcg_at_1_std": 0.127625,
        "nauc_ndcg_at_1_diff1": 0.533495,
        "nauc_ndcg_at_3_max": 0.413395,
        "nauc_ndcg_at_3_std": 0.089084,
        "nauc_ndcg_at_3_diff1": 0.499797,
        "nauc_ndcg_at_5_max": 0.41794,
        "nauc_ndcg_at_5_std": 0.059014,
        "nauc_ndcg_at_5_diff1": 0.469314,
        "nauc_ndcg_at_10_max": 0.481266,
        "nauc_ndcg_at_10_std": 0.109484,
        "nauc_ndcg_at_10_diff1": 0.498903,
        "nauc_ndcg_at_20_max": 0.491811,
        "nauc_ndcg_at_20_std": 0.15955,
        "nauc_ndcg_at_20_diff1": 0.491793,
        "nauc_ndcg_at_100_max": 0.493626,
        "nauc_ndcg_at_100_std": 0.181278,
        "nauc_ndcg_at_100_diff1": 0.499058,
        "nauc_ndcg_at_1000_max": 0.48376,
        "nauc_ndcg_at_1000_std": 0.175834,
        "nauc_ndcg_at_1000_diff1": 0.501125,
        "nauc_map_at_1_max": 0.450074,
        "nauc_map_at_1_std": -0.021794,
        "nauc_map_at_1_diff1": 0.622166,
        "nauc_map_at_3_max": 0.444424,
        "nauc_map_at_3_std": 0.014105,
        "nauc_map_at_3_diff1": 0.565002,
        "nauc_map_at_5_max": 0.434752,
        "nauc_map_at_5_std": 0.015145,
        "nauc_map_at_5_diff1": 0.524662,
        "nauc_map_at_10_max": 0.466701,
        "nauc_map_at_10_std": 0.050118,
        "nauc_map_at_10_diff1": 0.536044,
        "nauc_map_at_20_max": 0.473305,
        "nauc_map_at_20_std": 0.07223,
        "nauc_map_at_20_diff1": 0.53143,
        "nauc_map_at_100_max": 0.4742,
        "nauc_map_at_100_std": 0.08109,
        "nauc_map_at_100_diff1": 0.530948,
        "nauc_map_at_1000_max": 0.473595,
        "nauc_map_at_1000_std": 0.08165,
        "nauc_map_at_1000_diff1": 0.531041,
        "nauc_recall_at_1_max": 0.450074,
        "nauc_recall_at_1_std": -0.021794,
        "nauc_recall_at_1_diff1": 0.622166,
        "nauc_recall_at_3_max": 0.39996,
        "nauc_recall_at_3_std": -0.000839,
        "nauc_recall_at_3_diff1": 0.478283,
        "nauc_recall_at_5_max": 0.351295,
        "nauc_recall_at_5_std": -0.02333,
        "nauc_recall_at_5_diff1": 0.354618,
        "nauc_recall_at_10_max": 0.432463,
        "nauc_recall_at_10_std": 0.079232,
        "nauc_recall_at_10_diff1": 0.354746,
        "nauc_recall_at_20_max": 0.457641,
        "nauc_recall_at_20_std": 0.237923,
        "nauc_recall_at_20_diff1": 0.316556,
        "nauc_recall_at_100_max": 0.52248,
        "nauc_recall_at_100_std": 0.379765,
        "nauc_recall_at_100_diff1": 0.358812,
        "nauc_recall_at_1000_max": 0.54908,
        "nauc_recall_at_1000_std": 0.497009,
        "nauc_recall_at_1000_diff1": 0.435798,
        "nauc_precision_at_1_max": 0.414361,
        "nauc_precision_at_1_std": 0.127625,
        "nauc_precision_at_1_diff1": 0.533495,
        "nauc_precision_at_3_max": 0.257605,
        "nauc_precision_at_3_std": 0.263635,
        "nauc_precision_at_3_diff1": 0.155049,
        "nauc_precision_at_5_max": 0.170904,
        "nauc_precision_at_5_std": 0.275854,
        "nauc_precision_at_5_diff1": -0.028458,
        "nauc_precision_at_10_max": 0.185533,
        "nauc_precision_at_10_std": 0.399966,
        "nauc_precision_at_10_diff1": -0.080187,
        "nauc_precision_at_20_max": 0.138366,
        "nauc_precision_at_20_std": 0.439204,
        "nauc_precision_at_20_diff1": -0.126516,
        "nauc_precision_at_100_max": 0.012332,
        "nauc_precision_at_100_std": 0.390224,
        "nauc_precision_at_100_diff1": -0.176855,
        "nauc_precision_at_1000_max": -0.066615,
        "nauc_precision_at_1000_std": 0.331199,
        "nauc_precision_at_1000_diff1": -0.192284,
        "nauc_mrr_at_1_max": 0.414361,
        "nauc_mrr_at_1_std": 0.127625,
        "nauc_mrr_at_1_diff1": 0.533495,
        "nauc_mrr_at_3_max": 0.412948,
        "nauc_mrr_at_3_std": 0.149009,
        "nauc_mrr_at_3_diff1": 0.472465,
        "nauc_mrr_at_5_max": 0.412596,
        "nauc_mrr_at_5_std": 0.154535,
        "nauc_mrr_at_5_diff1": 0.457462,
        "nauc_mrr_at_10_max": 0.421718,
        "nauc_mrr_at_10_std": 0.169301,
        "nauc_mrr_at_10_diff1": 0.467754,
        "nauc_mrr_at_20_max": 0.423473,
        "nauc_mrr_at_20_std": 0.174146,
        "nauc_mrr_at_20_diff1": 0.470135,
        "nauc_mrr_at_100_max": 0.42222,
        "nauc_mrr_at_100_std": 0.171499,
        "nauc_mrr_at_100_diff1": 0.471293,
        "nauc_mrr_at_1000_max": 0.421989,
        "nauc_mrr_at_1000_std": 0.171143,
        "nauc_mrr_at_1000_diff1": 0.471284,
        "main_score": 0.51967,
        "hf_subset": "ko",
        "languages": [
          "kor-Kore"
        ]
      }
    ]
  },
  "evaluation_time": 7927.119168758392,
  "kg_co2_emissions": null
}