{
  "dataset_revision": "fc24a3ce8f09746410daee3d5cd823ff7a0675b7",
  "task_name": "MrTidyRetrieval",
  "mteb_version": "1.29.7",
  "scores": {
    "test": [
      {
        "ndcg_at_1": 0.26366,
        "ndcg_at_3": 0.33724,
        "ndcg_at_5": 0.35378,
        "ndcg_at_10": 0.38695,
        "ndcg_at_20": 0.41437,
        "ndcg_at_100": 0.44181,
        "ndcg_at_1000": 0.45917,
        "map_at_1": 0.23832,
        "map_at_3": 0.30859,
        "map_at_5": 0.31835,
        "map_at_10": 0.33257,
        "map_at_20": 0.34066,
        "map_at_100": 0.345,
        "map_at_1000": 0.34568,
        "recall_at_1": 0.23832,
        "recall_at_3": 0.39667,
        "recall_at_5": 0.4331,
        "recall_at_10": 0.53246,
        "recall_at_20": 0.635,
        "recall_at_100": 0.77276,
        "recall_at_1000": 0.90618,
        "precision_at_1": 0.26366,
        "precision_at_3": 0.14648,
        "precision_at_5": 0.09786,
        "precision_at_10": 0.06033,
        "precision_at_20": 0.03634,
        "precision_at_100": 0.00898,
        "precision_at_1000": 0.00106,
        "mrr_at_1": 0.263658,
        "mrr_at_3": 0.333729,
        "mrr_at_5": 0.343349,
        "mrr_at_10": 0.356603,
        "mrr_at_20": 0.363978,
        "mrr_at_100": 0.367605,
        "mrr_at_1000": 0.368078,
        "nauc_ndcg_at_1_max": 0.451738,
        "nauc_ndcg_at_1_std": 0.024701,
        "nauc_ndcg_at_1_diff1": 0.439182,
        "nauc_ndcg_at_3_max": 0.400588,
        "nauc_ndcg_at_3_std": 0.032278,
        "nauc_ndcg_at_3_diff1": 0.407455,
        "nauc_ndcg_at_5_max": 0.400325,
        "nauc_ndcg_at_5_std": 0.059785,
        "nauc_ndcg_at_5_diff1": 0.396364,
        "nauc_ndcg_at_10_max": 0.395244,
        "nauc_ndcg_at_10_std": 0.081441,
        "nauc_ndcg_at_10_diff1": 0.398821,
        "nauc_ndcg_at_20_max": 0.397041,
        "nauc_ndcg_at_20_std": 0.09585,
        "nauc_ndcg_at_20_diff1": 0.386665,
        "nauc_ndcg_at_100_max": 0.396451,
        "nauc_ndcg_at_100_std": 0.105261,
        "nauc_ndcg_at_100_diff1": 0.387697,
        "nauc_ndcg_at_1000_max": 0.39819,
        "nauc_ndcg_at_1000_std": 0.092219,
        "nauc_ndcg_at_1000_diff1": 0.39196,
        "nauc_map_at_1_max": 0.448489,
        "nauc_map_at_1_std": 0.01447,
        "nauc_map_at_1_diff1": 0.429798,
        "nauc_map_at_3_max": 0.411647,
        "nauc_map_at_3_std": 0.030405,
        "nauc_map_at_3_diff1": 0.410737,
        "nauc_map_at_5_max": 0.411871,
        "nauc_map_at_5_std": 0.046321,
        "nauc_map_at_5_diff1": 0.404073,
        "nauc_map_at_10_max": 0.41097,
        "nauc_map_at_10_std": 0.057614,
        "nauc_map_at_10_diff1": 0.406127,
        "nauc_map_at_20_max": 0.411264,
        "nauc_map_at_20_std": 0.062416,
        "nauc_map_at_20_diff1": 0.402574,
        "nauc_map_at_100_max": 0.411415,
        "nauc_map_at_100_std": 0.06389,
        "nauc_map_at_100_diff1": 0.403145,
        "nauc_map_at_1000_max": 0.411608,
        "nauc_map_at_1000_std": 0.063603,
        "nauc_map_at_1000_diff1": 0.403322,
        "nauc_recall_at_1_max": 0.448489,
        "nauc_recall_at_1_std": 0.01447,
        "nauc_recall_at_1_diff1": 0.429798,
        "nauc_recall_at_3_max": 0.350532,
        "nauc_recall_at_3_std": 0.024355,
        "nauc_recall_at_3_diff1": 0.381667,
        "nauc_recall_at_5_max": 0.346664,
        "nauc_recall_at_5_std": 0.083132,
        "nauc_recall_at_5_diff1": 0.353783,
        "nauc_recall_at_10_max": 0.321865,
        "nauc_recall_at_10_std": 0.139837,
        "nauc_recall_at_10_diff1": 0.35039,
        "nauc_recall_at_20_max": 0.320545,
        "nauc_recall_at_20_std": 0.201822,
        "nauc_recall_at_20_diff1": 0.290355,
        "nauc_recall_at_100_max": 0.291154,
        "nauc_recall_at_100_std": 0.311046,
        "nauc_recall_at_100_diff1": 0.25917,
        "nauc_recall_at_1000_max": 0.236042,
        "nauc_recall_at_1000_std": 0.2263,
        "nauc_recall_at_1000_diff1": 0.249497,
        "nauc_precision_at_1_max": 0.451738,
        "nauc_precision_at_1_std": 0.024701,
        "nauc_precision_at_1_diff1": 0.439182,
        "nauc_precision_at_3_max": 0.360153,
        "nauc_precision_at_3_std": 0.04272,
        "nauc_precision_at_3_diff1": 0.380552,
        "nauc_precision_at_5_max": 0.344815,
        "nauc_precision_at_5_std": 0.113698,
        "nauc_precision_at_5_diff1": 0.336597,
        "nauc_precision_at_10_max": 0.305166,
        "nauc_precision_at_10_std": 0.168256,
        "nauc_precision_at_10_diff1": 0.319837,
        "nauc_precision_at_20_max": 0.273661,
        "nauc_precision_at_20_std": 0.230764,
        "nauc_precision_at_20_diff1": 0.242377,
        "nauc_precision_at_100_max": 0.160218,
        "nauc_precision_at_100_std": 0.26338,
        "nauc_precision_at_100_diff1": 0.148157,
        "nauc_precision_at_1000_max": 0.068381,
        "nauc_precision_at_1000_std": 0.167004,
        "nauc_precision_at_1000_diff1": 0.066999,
        "nauc_mrr_at_1_max": 0.451738,
        "nauc_mrr_at_1_std": 0.024701,
        "nauc_mrr_at_1_diff1": 0.439182,
        "nauc_mrr_at_3_max": 0.422183,
        "nauc_mrr_at_3_std": 0.041921,
        "nauc_mrr_at_3_diff1": 0.420654,
        "nauc_mrr_at_5_max": 0.42135,
        "nauc_mrr_at_5_std": 0.057175,
        "nauc_mrr_at_5_diff1": 0.415242,
        "nauc_mrr_at_10_max": 0.418573,
        "nauc_mrr_at_10_std": 0.065622,
        "nauc_mrr_at_10_diff1": 0.416439,
        "nauc_mrr_at_20_max": 0.41869,
        "nauc_mrr_at_20_std": 0.067886,
        "nauc_mrr_at_20_diff1": 0.413742,
        "nauc_mrr_at_100_max": 0.419131,
        "nauc_mrr_at_100_std": 0.068695,
        "nauc_mrr_at_100_diff1": 0.414329,
        "nauc_mrr_at_1000_max": 0.418982,
        "nauc_mrr_at_1000_std": 0.068222,
        "nauc_mrr_at_1000_diff1": 0.414356,
        "main_score": 0.38695,
        "hf_subset": "korean",
        "languages": [
          "kor-Kore"
        ]
      }
    ]
  },
  "evaluation_time": 8063.377165555954,
  "kg_co2_emissions": null
}