{
  "dataset_revision": "d67138e705d963e346253a80e59676ddb418810a",
  "task_name": "MultiLongDocRetrieval",
  "mteb_version": "1.29.7",
  "scores": {
    "dev": [
      {
        "ndcg_at_1": 0.17,
        "ndcg_at_3": 0.22036,
        "ndcg_at_5": 0.23521,
        "ndcg_at_10": 0.26579,
        "ndcg_at_20": 0.2771,
        "ndcg_at_100": 0.31246,
        "ndcg_at_1000": 0.34348,
        "map_at_1": 0.17,
        "map_at_3": 0.20833,
        "map_at_5": 0.21683,
        "map_at_10": 0.22935,
        "map_at_20": 0.23242,
        "map_at_100": 0.23736,
        "map_at_1000": 0.23851,
        "recall_at_1": 0.17,
        "recall_at_3": 0.255,
        "recall_at_5": 0.29,
        "recall_at_10": 0.385,
        "recall_at_20": 0.43,
        "recall_at_100": 0.62,
        "recall_at_1000": 0.865,
        "precision_at_1": 0.17,
        "precision_at_3": 0.085,
        "precision_at_5": 0.058,
        "precision_at_10": 0.0385,
        "precision_at_20": 0.0215,
        "precision_at_100": 0.0062,
        "precision_at_1000": 0.00087,
        "mrr_at_1": 0.17,
        "mrr_at_3": 0.208333,
        "mrr_at_5": 0.216833,
        "mrr_at_10": 0.229347,
        "mrr_at_20": 0.232422,
        "mrr_at_100": 0.237362,
        "mrr_at_1000": 0.23851,
        "nauc_ndcg_at_1_max": 0.345606,
        "nauc_ndcg_at_1_std": -0.100634,
        "nauc_ndcg_at_1_diff1": 0.584197,
        "nauc_ndcg_at_3_max": 0.295485,
        "nauc_ndcg_at_3_std": -0.101401,
        "nauc_ndcg_at_3_diff1": 0.463487,
        "nauc_ndcg_at_5_max": 0.269977,
        "nauc_ndcg_at_5_std": -0.116802,
        "nauc_ndcg_at_5_diff1": 0.434153,
        "nauc_ndcg_at_10_max": 0.297475,
        "nauc_ndcg_at_10_std": -0.068967,
        "nauc_ndcg_at_10_diff1": 0.43239,
        "nauc_ndcg_at_20_max": 0.321302,
        "nauc_ndcg_at_20_std": -0.050043,
        "nauc_ndcg_at_20_diff1": 0.432079,
        "nauc_ndcg_at_100_max": 0.324386,
        "nauc_ndcg_at_100_std": -0.013765,
        "nauc_ndcg_at_100_diff1": 0.436944,
        "nauc_ndcg_at_1000_max": 0.320623,
        "nauc_ndcg_at_1000_std": -0.014681,
        "nauc_ndcg_at_1000_diff1": 0.436507,
        "nauc_map_at_1_max": 0.345606,
        "nauc_map_at_1_std": -0.100634,
        "nauc_map_at_1_diff1": 0.584197,
        "nauc_map_at_3_max": 0.306476,
        "nauc_map_at_3_std": -0.099866,
        "nauc_map_at_3_diff1": 0.485667,
        "nauc_map_at_5_max": 0.291146,
        "nauc_map_at_5_std": -0.109319,
        "nauc_map_at_5_diff1": 0.468008,
        "nauc_map_at_10_max": 0.304824,
        "nauc_map_at_10_std": -0.087813,
        "nauc_map_at_10_diff1": 0.467969,
        "nauc_map_at_20_max": 0.311255,
        "nauc_map_at_20_std": -0.082207,
        "nauc_map_at_20_diff1": 0.467936,
        "nauc_map_at_100_max": 0.311696,
        "nauc_map_at_100_std": -0.076399,
        "nauc_map_at_100_diff1": 0.4699,
        "nauc_map_at_1000_max": 0.311736,
        "nauc_map_at_1000_std": -0.076444,
        "nauc_map_at_1000_diff1": 0.470105,
        "nauc_recall_at_1_max": 0.345606,
        "nauc_recall_at_1_std": -0.100634,
        "nauc_recall_at_1_diff1": 0.584197,
        "nauc_recall_at_3_max": 0.267176,
        "nauc_recall_at_3_std": -0.10585,
        "nauc_recall_at_3_diff1": 0.407905,
        "nauc_recall_at_5_max": 0.215025,
        "nauc_recall_at_5_std": -0.137075,
        "nauc_recall_at_5_diff1": 0.348818,
        "nauc_recall_at_10_max": 0.28292,
        "nauc_recall_at_10_std": -0.012226,
        "nauc_recall_at_10_diff1": 0.344207,
        "nauc_recall_at_20_max": 0.367,
        "nauc_recall_at_20_std": 0.05182,
        "nauc_recall_at_20_diff1": 0.342524,
        "nauc_recall_at_100_max": 0.389233,
        "nauc_recall_at_100_std": 0.250231,
        "nauc_recall_at_100_diff1": 0.337453,
        "nauc_recall_at_1000_max": 0.38619,
        "nauc_recall_at_1000_std": 0.568798,
        "nauc_recall_at_1000_diff1": 0.180066,
        "nauc_precision_at_1_max": 0.345606,
        "nauc_precision_at_1_std": -0.100634,
        "nauc_precision_at_1_diff1": 0.584197,
        "nauc_precision_at_3_max": 0.267176,
        "nauc_precision_at_3_std": -0.10585,
        "nauc_precision_at_3_diff1": 0.407905,
        "nauc_precision_at_5_max": 0.215025,
        "nauc_precision_at_5_std": -0.137075,
        "nauc_precision_at_5_diff1": 0.348818,
        "nauc_precision_at_10_max": 0.28292,
        "nauc_precision_at_10_std": -0.012226,
        "nauc_precision_at_10_diff1": 0.344207,
        "nauc_precision_at_20_max": 0.367,
        "nauc_precision_at_20_std": 0.05182,
        "nauc_precision_at_20_diff1": 0.342524,
        "nauc_precision_at_100_max": 0.389233,
        "nauc_precision_at_100_std": 0.250231,
        "nauc_precision_at_100_diff1": 0.337453,
        "nauc_precision_at_1000_max": 0.38619,
        "nauc_precision_at_1000_std": 0.568798,
        "nauc_precision_at_1000_diff1": 0.180066,
        "nauc_mrr_at_1_max": 0.345606,
        "nauc_mrr_at_1_std": -0.100634,
        "nauc_mrr_at_1_diff1": 0.584197,
        "nauc_mrr_at_3_max": 0.306476,
        "nauc_mrr_at_3_std": -0.099866,
        "nauc_mrr_at_3_diff1": 0.485667,
        "nauc_mrr_at_5_max": 0.291146,
        "nauc_mrr_at_5_std": -0.109319,
        "nauc_mrr_at_5_diff1": 0.468008,
        "nauc_mrr_at_10_max": 0.304824,
        "nauc_mrr_at_10_std": -0.087813,
        "nauc_mrr_at_10_diff1": 0.467969,
        "nauc_mrr_at_20_max": 0.311255,
        "nauc_mrr_at_20_std": -0.082207,
        "nauc_mrr_at_20_diff1": 0.467936,
        "nauc_mrr_at_100_max": 0.311696,
        "nauc_mrr_at_100_std": -0.076399,
        "nauc_mrr_at_100_diff1": 0.4699,
        "nauc_mrr_at_1000_max": 0.311736,
        "nauc_mrr_at_1000_std": -0.076444,
        "nauc_mrr_at_1000_diff1": 0.470105,
        "main_score": 0.26579,
        "hf_subset": "ko",
        "languages": [
          "kor-Hang"
        ]
      }
    ],
    "test": [
      {
        "ndcg_at_1": 0.175,
        "ndcg_at_3": 0.21905,
        "ndcg_at_5": 0.22938,
        "ndcg_at_10": 0.24868,
        "ndcg_at_20": 0.25744,
        "ndcg_at_100": 0.29387,
        "ndcg_at_1000": 0.32847,
        "map_at_1": 0.175,
        "map_at_3": 0.20833,
        "map_at_5": 0.21408,
        "map_at_10": 0.222,
        "map_at_20": 0.22435,
        "map_at_100": 0.22915,
        "map_at_1000": 0.23025,
        "recall_at_1": 0.175,
        "recall_at_3": 0.25,
        "recall_at_5": 0.275,
        "recall_at_10": 0.335,
        "recall_at_20": 0.37,
        "recall_at_100": 0.57,
        "recall_at_1000": 0.855,
        "precision_at_1": 0.175,
        "precision_at_3": 0.08333,
        "precision_at_5": 0.055,
        "precision_at_10": 0.0335,
        "precision_at_20": 0.0185,
        "precision_at_100": 0.0057,
        "precision_at_1000": 0.00086,
        "mrr_at_1": 0.175,
        "mrr_at_3": 0.208333,
        "mrr_at_5": 0.214083,
        "mrr_at_10": 0.221998,
        "mrr_at_20": 0.224354,
        "mrr_at_100": 0.229148,
        "mrr_at_1000": 0.230245,
        "nauc_ndcg_at_1_max": 0.538644,
        "nauc_ndcg_at_1_std": -0.094437,
        "nauc_ndcg_at_1_diff1": 0.634811,
        "nauc_ndcg_at_3_max": 0.546407,
        "nauc_ndcg_at_3_std": -0.055353,
        "nauc_ndcg_at_3_diff1": 0.589218,
        "nauc_ndcg_at_5_max": 0.544224,
        "nauc_ndcg_at_5_std": -0.022836,
        "nauc_ndcg_at_5_diff1": 0.568552,
        "nauc_ndcg_at_10_max": 0.508374,
        "nauc_ndcg_at_10_std": -0.007456,
        "nauc_ndcg_at_10_diff1": 0.528029,
        "nauc_ndcg_at_20_max": 0.502048,
        "nauc_ndcg_at_20_std": -0.005261,
        "nauc_ndcg_at_20_diff1": 0.522248,
        "nauc_ndcg_at_100_max": 0.489764,
        "nauc_ndcg_at_100_std": 0.03195,
        "nauc_ndcg_at_100_diff1": 0.51017,
        "nauc_ndcg_at_1000_max": 0.501357,
        "nauc_ndcg_at_1000_std": 0.031105,
        "nauc_ndcg_at_1000_diff1": 0.512519,
        "nauc_map_at_1_max": 0.538644,
        "nauc_map_at_1_std": -0.094437,
        "nauc_map_at_1_diff1": 0.634811,