{
  "dataset_revision": "main",
  "task_name": "PublicHealthQA",
  "mteb_version": "1.29.7",
  "scores": {
    "test": [
      {
        "ndcg_at_1": 0.72727,
        "ndcg_at_3": 0.81571,
        "ndcg_at_5": 0.84196,
        "ndcg_at_10": 0.8505,
        "ndcg_at_20": 0.85412,
        "ndcg_at_100": 0.85957,
        "ndcg_at_1000": 0.85957,
        "map_at_1": 0.72727,
        "map_at_3": 0.79654,
        "map_at_5": 0.81082,
        "map_at_10": 0.81443,
        "map_at_20": 0.81561,
        "map_at_100": 0.81661,
        "map_at_1000": 0.81661,
        "recall_at_1": 0.72727,
        "recall_at_3": 0.87013,
        "recall_at_5": 0.93506,
        "recall_at_10": 0.96104,
        "recall_at_20": 0.97403,
        "recall_at_100": 1.0,
        "recall_at_1000": 1.0,
        "precision_at_1": 0.72727,
        "precision_at_3": 0.29004,
        "precision_at_5": 0.18701,
        "precision_at_10": 0.0961,
        "precision_at_20": 0.0487,
        "precision_at_100": 0.01,
        "precision_at_1000": 0.001,
        "mrr_at_1": 0.727273,
        "mrr_at_3": 0.796537,
        "mrr_at_5": 0.810823,
        "mrr_at_10": 0.81443,
        "mrr_at_20": 0.815611,
        "mrr_at_100": 0.816607,
        "mrr_at_1000": 0.816607,
        "nauc_ndcg_at_1_max": 0.26379,
        "nauc_ndcg_at_1_std": -0.13793,
        "nauc_ndcg_at_1_diff1": 0.653567,
        "nauc_ndcg_at_3_max": 0.320108,
        "nauc_ndcg_at_3_std": -0.203654,
        "nauc_ndcg_at_3_diff1": 0.672155,
        "nauc_ndcg_at_5_max": 0.296784,
        "nauc_ndcg_at_5_std": -0.15775,
        "nauc_ndcg_at_5_diff1": 0.658299,
        "nauc_ndcg_at_10_max": 0.324259,
        "nauc_ndcg_at_10_std": -0.145892,
        "nauc_ndcg_at_10_diff1": 0.655315,
        "nauc_ndcg_at_20_max": 0.317959,
        "nauc_ndcg_at_20_std": -0.102596,
        "nauc_ndcg_at_20_diff1": 0.65806,
        "nauc_ndcg_at_100_max": 0.298799,
        "nauc_ndcg_at_100_std": -0.146855,
        "nauc_ndcg_at_100_diff1": 0.656125,
        "nauc_ndcg_at_1000_max": 0.298799,
        "nauc_ndcg_at_1000_std": -0.146855,
        "nauc_ndcg_at_1000_diff1": 0.656125,
        "nauc_map_at_1_max": 0.26379,
        "nauc_map_at_1_std": -0.13793,
        "nauc_map_at_1_diff1": 0.653567,
        "nauc_map_at_3_max": 0.303007,
        "nauc_map_at_3_std": -0.183627,
        "nauc_map_at_3_diff1": 0.665132,
        "nauc_map_at_5_max": 0.290735,
        "nauc_map_at_5_std": -0.160642,
        "nauc_map_at_5_diff1": 0.657074,
        "nauc_map_at_10_max": 0.297683,
        "nauc_map_at_10_std": -0.157124,
        "nauc_map_at_10_diff1": 0.655222,
        "nauc_map_at_20_max": 0.295859,
        "nauc_map_at_20_std": -0.145966,
        "nauc_map_at_20_diff1": 0.655934,
        "nauc_map_at_100_max": 0.293208,
        "nauc_map_at_100_std": -0.152396,
        "nauc_map_at_100_diff1": 0.655772,
        "nauc_map_at_1000_max": 0.293208,
        "nauc_map_at_1000_std": -0.152396,
        "nauc_map_at_1000_diff1": 0.655772,
        "nauc_recall_at_1_max": 0.26379,
        "nauc_recall_at_1_std": -0.13793,
        "nauc_recall_at_1_diff1": 0.653567,
        "nauc_recall_at_3_max": 0.391893,
        "nauc_recall_at_3_std": -0.287766,
        "nauc_recall_at_3_diff1": 0.702485,
        "nauc_recall_at_5_max": 0.333586,
        "nauc_recall_at_5_std": -0.117771,
        "nauc_recall_at_5_diff1": 0.667264,
        "nauc_recall_at_10_max": 0.703231,
        "nauc_recall_at_10_std": 0.046057,
        "nauc_recall_at_10_diff1": 0.659469,
        "nauc_recall_at_20_max": 0.777423,
        "nauc_recall_at_20_std": 0.934356,
        "nauc_recall_at_20_diff1": 0.71178,
        "nauc_recall_at_100_max": NaN,
        "nauc_recall_at_100_std": NaN,
        "nauc_recall_at_100_diff1": NaN,
        "nauc_recall_at_1000_max": NaN,
        "nauc_recall_at_1000_std": NaN,
        "nauc_recall_at_1000_diff1": NaN,
        "nauc_precision_at_1_max": 0.26379,
        "nauc_precision_at_1_std": -0.13793,
        "nauc_precision_at_1_diff1": 0.653567,
        "nauc_precision_at_3_max": 0.391893,
        "nauc_precision_at_3_std": -0.287766,
        "nauc_precision_at_3_diff1": 0.702485,
        "nauc_precision_at_5_max": 0.333586,
        "nauc_precision_at_5_std": -0.117771,
        "nauc_precision_at_5_diff1": 0.667264,
        "nauc_precision_at_10_max": 0.703231,
        "nauc_precision_at_10_std": 0.046057,
        "nauc_precision_at_10_diff1": 0.659469,
        "nauc_precision_at_20_max": 0.777423,
        "nauc_precision_at_20_std": 0.934356,
        "nauc_precision_at_20_diff1": 0.71178,
        "nauc_precision_at_100_max": 1.0,
        "nauc_precision_at_100_std": 1.0,
        "nauc_precision_at_100_diff1": 1.0,
        "nauc_precision_at_1000_max": NaN,
        "nauc_precision_at_1000_std": NaN,
        "nauc_precision_at_1000_diff1": NaN,
        "nauc_mrr_at_1_max": 0.26379,
        "nauc_mrr_at_1_std": -0.13793,
        "nauc_mrr_at_1_diff1": 0.653567,
        "nauc_mrr_at_3_max": 0.303007,
        "nauc_mrr_at_3_std": -0.183627,
        "nauc_mrr_at_3_diff1": 0.665132,
        "nauc_mrr_at_5_max": 0.290735,
        "nauc_mrr_at_5_std": -0.160642,
        "nauc_mrr_at_5_diff1": 0.657074,
        "nauc_mrr_at_10_max": 0.297683,
        "nauc_mrr_at_10_std": -0.157124,
        "nauc_mrr_at_10_diff1": 0.655222,
        "nauc_mrr_at_20_max": 0.295859,
        "nauc_mrr_at_20_std": -0.145966,
        "nauc_mrr_at_20_diff1": 0.655934,
        "nauc_mrr_at_100_max": 0.293208,
        "nauc_mrr_at_100_std": -0.152396,
        "nauc_mrr_at_100_diff1": 0.655772,
        "nauc_mrr_at_1000_max": 0.293208,
        "nauc_mrr_at_1000_std": -0.152396,
        "nauc_mrr_at_1000_diff1": 0.655772,
        "main_score": 0.8505,
        "hf_subset": "korean",
        "languages": [
          "kor-Hang"
        ]
      }
    ]
  },
  "evaluation_time": 1.8674838542938232,
  "kg_co2_emissions": null
}