{
  "dataset_revision": "c99d599f0a6ab9b85b065da6f9d94f9cf731679f",
  "task_name": "XPQARetrieval",
  "mteb_version": "1.29.7",
  "scores": {
    "test": [
      {
        "ndcg_at_1": 0.28593,
        "ndcg_at_3": 0.30432,
        "ndcg_at_5": 0.32284,
        "ndcg_at_10": 0.35183,
        "ndcg_at_20": 0.37601,
        "ndcg_at_100": 0.42313,
        "ndcg_at_1000": 0.45518,
        "map_at_1": 0.19773,
        "map_at_3": 0.27698,
        "map_at_5": 0.2935,
        "map_at_10": 0.30786,
        "map_at_20": 0.31524,
        "map_at_100": 0.32238,
        "map_at_1000": 0.32371,
        "recall_at_1": 0.19773,
        "recall_at_3": 0.31934,
        "recall_at_5": 0.36656,
        "recall_at_10": 0.44447,
        "recall_at_20": 0.5327,
        "recall_at_100": 0.76422,
        "recall_at_1000": 1.0,
        "precision_at_1": 0.28593,
        "precision_at_3": 0.17074,
        "precision_at_5": 0.12018,
        "precision_at_10": 0.07355,
        "precision_at_20": 0.04289,
        "precision_at_100": 0.01228,
        "precision_at_1000": 0.00156,
        "mrr_at_1": 0.288991,
        "mrr_at_3": 0.327727,
        "mrr_at_5": 0.337207,
        "mrr_at_10": 0.347791,
        "mrr_at_20": 0.353886,
        "mrr_at_100": 0.359011,
        "mrr_at_1000": 0.359919,
        "nauc_ndcg_at_1_max": 0.218224,
        "nauc_ndcg_at_1_std": -0.269123,
        "nauc_ndcg_at_1_diff1": 0.516343,
        "nauc_ndcg_at_3_max": 0.240937,
        "nauc_ndcg_at_3_std": -0.242918,
        "nauc_ndcg_at_3_diff1": 0.469437,
        "nauc_ndcg_at_5_max": 0.23043,
        "nauc_ndcg_at_5_std": -0.25325,
        "nauc_ndcg_at_5_diff1": 0.458908,
        "nauc_ndcg_at_10_max": 0.250614,
        "nauc_ndcg_at_10_std": -0.242082,
        "nauc_ndcg_at_10_diff1": 0.463279,
        "nauc_ndcg_at_20_max": 0.259529,
        "nauc_ndcg_at_20_std": -0.238079,
        "nauc_ndcg_at_20_diff1": 0.455506,
        "nauc_ndcg_at_100_max": 0.274075,
        "nauc_ndcg_at_100_std": -0.212075,
        "nauc_ndcg_at_100_diff1": 0.44666,
        "nauc_ndcg_at_1000_max": 0.25958,
        "nauc_ndcg_at_1000_std": -0.227305,
        "nauc_ndcg_at_1000_diff1": 0.46073,
        "nauc_map_at_1_max": 0.18858,
        "nauc_map_at_1_std": -0.23006,
        "nauc_map_at_1_diff1": 0.549373,
        "nauc_map_at_3_max": 0.239859,
        "nauc_map_at_3_std": -0.237569,
        "nauc_map_at_3_diff1": 0.477426,
        "nauc_map_at_5_max": 0.228723,
        "nauc_map_at_5_std": -0.250589,
        "nauc_map_at_5_diff1": 0.465903,
        "nauc_map_at_10_max": 0.238849,
        "nauc_map_at_10_std": -0.246111,
        "nauc_map_at_10_diff1": 0.469112,
        "nauc_map_at_20_max": 0.241573,
        "nauc_map_at_20_std": -0.245212,
        "nauc_map_at_20_diff1": 0.467271,
        "nauc_map_at_100_max": 0.243315,
        "nauc_map_at_100_std": -0.241674,
        "nauc_map_at_100_diff1": 0.465375,
        "nauc_map_at_1000_max": 0.242736,
        "nauc_map_at_1000_std": -0.242083,
        "nauc_map_at_1000_diff1": 0.465952,
        "nauc_recall_at_1_max": 0.18858,
        "nauc_recall_at_1_std": -0.23006,
        "nauc_recall_at_1_diff1": 0.549373,
        "nauc_recall_at_3_max": 0.246602,
        "nauc_recall_at_3_std": -0.221864,
        "nauc_recall_at_3_diff1": 0.436384,
        "nauc_recall_at_5_max": 0.221998,
        "nauc_recall_at_5_std": -0.247345,
        "nauc_recall_at_5_diff1": 0.411978,
        "nauc_recall_at_10_max": 0.271561,
        "nauc_recall_at_10_std": -0.217585,
        "nauc_recall_at_10_diff1": 0.420341,
        "nauc_recall_at_20_max": 0.30063,
        "nauc_recall_at_20_std": -0.201501,
        "nauc_recall_at_20_diff1": 0.383841,
        "nauc_recall_at_100_max": 0.409689,
        "nauc_recall_at_100_std": -0.020746,
        "nauc_recall_at_100_diff1": 0.282402,
        "nauc_recall_at_1000_max": NaN,
        "nauc_recall_at_1000_std": NaN,
        "nauc_recall_at_1000_diff1": NaN,
        "nauc_precision_at_1_max": 0.218224,
        "nauc_precision_at_1_std": -0.269123,
        "nauc_precision_at_1_diff1": 0.516343,
        "nauc_precision_at_3_max": 0.238235,
        "nauc_precision_at_3_std": -0.220793,
        "nauc_precision_at_3_diff1": 0.316894,
        "nauc_precision_at_5_max": 0.189682,
        "nauc_precision_at_5_std": -0.243857,
        "nauc_precision_at_5_diff1": 0.273205,
        "nauc_precision_at_10_max": 0.207415,
        "nauc_precision_at_10_std": -0.203247,
        "nauc_precision_at_10_diff1": 0.259213,
        "nauc_precision_at_20_max": 0.219611,
        "nauc_precision_at_20_std": -0.182469,
        "nauc_precision_at_20_diff1": 0.228136,
        "nauc_precision_at_100_max": 0.227126,
        "nauc_precision_at_100_std": -0.013237,
        "nauc_precision_at_100_diff1": 0.088764,
        "nauc_precision_at_1000_max": 0.123152,
        "nauc_precision_at_1000_std": 0.026754,
        "nauc_precision_at_1000_diff1": -0.000199,
        "nauc_mrr_at_1_max": 0.209281,
        "nauc_mrr_at_1_std": -0.275517,
        "nauc_mrr_at_1_diff1": 0.504708,
        "nauc_mrr_at_3_max": 0.23569,
        "nauc_mrr_at_3_std": -0.25478,
        "nauc_mrr_at_3_diff1": 0.482543,
        "nauc_mrr_at_5_max": 0.230662,
        "nauc_mrr_at_5_std": -0.259895,
        "nauc_mrr_at_5_diff1": 0.477951,
        "nauc_mrr_at_10_max": 0.238393,
        "nauc_mrr_at_10_std": -0.254448,
        "nauc_mrr_at_10_diff1": 0.477232,
        "nauc_mrr_at_20_max": 0.240575,
        "nauc_mrr_at_20_std": -0.252275,
        "nauc_mrr_at_20_diff1": 0.474609,
        "nauc_mrr_at_100_max": 0.242314,
        "nauc_mrr_at_100_std": -0.249688,
        "nauc_mrr_at_100_diff1": 0.475139,
        "nauc_mrr_at_1000_max": 0.241655,
        "nauc_mrr_at_1000_std": -0.250275,
        "nauc_mrr_at_1000_diff1": 0.475526,
        "main_score": 0.35183,
        "hf_subset": "kor-kor",
        "languages": [
          "kor-Hang",
          "kor-Hang"
        ]
      },
      {
        "ndcg_at_1": 0.29205,
        "ndcg_at_3": 0.29988,
        "ndcg_at_5": 0.31636,
        "ndcg_at_10": 0.35143,
        "ndcg_at_20": 0.37756,
        "ndcg_at_100": 0.42401,
        "ndcg_at_1000": 0.45803,
        "map_at_1": 0.16792,
        "map_at_3": 0.24971,
        "map_at_5": 0.27323,
        "map_at_10": 0.2914,
        "map_at_20": 0.30152,
        "map_at_100": 0.30916,
        "map_at_1000": 0.31099,
        "recall_at_1": 0.16792,
        "recall_at_3": 0.29246,
        "recall_at_5": 0.35714,
        "recall_at_10": 0.44559,
        "recall_at_20": 0.52747,
        "recall_at_100": 0.74536,
        "recall_at_1000": 0.98063,
        "precision_at_1": 0.29205,
        "precision_at_3": 0.19623,
        "precision_at_5": 0.14587,
        "precision_at_10": 0.09174,
        "precision_at_20": 0.05535,
        "precision_at_100": 0.01529,
        "precision_at_1000": 0.00193,
        "mrr_at_1": 0.292049,
        "mrr_at_3": 0.341743,
        "mrr_at_5": 0.355657,
        "mrr_at_10": 0.368293,
        "mrr_at_20": 0.372982,
        "mrr_at_100": 0.377282,
        "mrr_at_1000": 0.37804,
        "nauc_ndcg_at_1_max": 0.149469,
        "nauc_ndcg_at_1_std": -0.217413,
        "nauc_ndcg_at_1_diff1": 0.42025,
        "nauc_ndcg_at_3_max": 0.136065,
        "nauc_ndcg_at_3_std": -0.221732,
        "nauc_ndcg_at_3_diff1": 0.39818,
        "nauc_ndcg_at_5_max": 0.135729,
        "nauc_ndcg_at_5_std": -0.213773,
        "nauc_ndcg_at_5_diff1": 0.392016,
        "nauc_ndcg_at_10_max": 0.124917,
        "nauc_ndcg_at_10_std": -0.228826,
        "nauc_ndcg_at_10_diff1": 0.379106,
        "nauc_ndcg_at_20_max": 0.118355,
        "nauc_ndcg_at_20_std": -0.226617,
        "nauc_ndcg_at_20_diff1": 0.3834,
        "nauc_ndcg_at_100_max": 0.134099,
        "nauc_ndcg_at_100_std": -0.194004,
        "nauc_ndcg_at_100_diff1": 0.373986,
        "nauc_ndcg_at_1000_max": 0.13874,
        "nauc_ndcg_at_1000_std": -0.199105,
        "nauc_ndcg_at_1000_diff1": 0.379382,
        "nauc_map_at_1_max": 0.108575,