{
  "dataset_revision": "75b399394a9803252cfec289d103de462763db7c",
  "task_name": "BelebeleRetrieval",
  "mteb_version": "1.38.39",
  "scores": {
    "test": [
      {
        "ndcg_at_1": 0.00222,
        "ndcg_at_3": 0.00544,
        "ndcg_at_5": 0.00677,
        "ndcg_at_10": 0.00922,
        "ndcg_at_20": 0.01613,
        "ndcg_at_100": 0.04726,
        "ndcg_at_1000": 0.14373,
        "map_at_1": 0.00222,
        "map_at_3": 0.00463,
        "map_at_5": 0.00535,
        "map_at_10": 0.00632,
        "map_at_20": 0.00816,
        "map_at_100": 0.01174,
        "map_at_1000": 0.01491,
        "recall_at_1": 0.00222,
        "recall_at_3": 0.00778,
        "recall_at_5": 0.01111,
        "recall_at_10": 0.01889,
        "recall_at_20": 0.04667,
        "recall_at_100": 0.22556,
        "recall_at_1000": 1.0,
        "precision_at_1": 0.00222,
        "precision_at_3": 0.00259,
        "precision_at_5": 0.00222,
        "precision_at_10": 0.00189,
        "precision_at_20": 0.00233,
        "precision_at_100": 0.00226,
        "precision_at_1000": 0.001,
        "mrr_at_1": 0.002222,
        "mrr_at_3": 0.00463,
        "mrr_at_5": 0.005352,
        "mrr_at_10": 0.006321,
        "mrr_at_20": 0.008157,
        "mrr_at_100": 0.011741,
        "mrr_at_1000": 0.014914,
        "nauc_ndcg_at_1_max": -0.158304,
        "nauc_ndcg_at_1_std": -0.352697,
        "nauc_ndcg_at_1_diff1": 0.29568,
        "nauc_ndcg_at_3_max": -0.13989,
        "nauc_ndcg_at_3_std": -0.27375,
        "nauc_ndcg_at_3_diff1": 0.03533,
        "nauc_ndcg_at_5_max": -0.114299,
        "nauc_ndcg_at_5_std": -0.242194,
        "nauc_ndcg_at_5_diff1": -0.020897,
        "nauc_ndcg_at_10_max": -0.09646,
        "nauc_ndcg_at_10_std": -0.24199,
        "nauc_ndcg_at_10_diff1": -0.067927,
        "nauc_ndcg_at_20_max": -0.052232,
        "nauc_ndcg_at_20_std": -0.074231,
        "nauc_ndcg_at_20_diff1": -0.072375,
        "nauc_ndcg_at_100_max": 0.031516,
        "nauc_ndcg_at_100_std": 0.028685,
        "nauc_ndcg_at_100_diff1": -0.024797,
        "nauc_ndcg_at_1000_max": -0.008272,
        "nauc_ndcg_at_1000_std": -0.024126,
        "nauc_ndcg_at_1000_diff1": -0.02476,
        "nauc_map_at_1_max": -0.158304,
        "nauc_map_at_1_std": -0.352697,
        "nauc_map_at_1_diff1": 0.29568,
        "nauc_map_at_3_max": -0.136206,
        "nauc_map_at_3_std": -0.276394,
        "nauc_map_at_3_diff1": 0.06711,
        "nauc_map_at_5_max": -0.120329,
        "nauc_map_at_5_std": -0.254233,
        "nauc_map_at_5_diff1": 0.022988,
        "nauc_map_at_10_max": -0.111319,
        "nauc_map_at_10_std": -0.252159,
        "nauc_map_at_10_diff1": -0.008898,
        "nauc_map_at_20_max": -0.085264,
        "nauc_map_at_20_std": -0.158379,
        "nauc_map_at_20_diff1": -0.02053,
        "nauc_map_at_100_max": -0.045174,
        "nauc_map_at_100_std": -0.090818,
        "nauc_map_at_100_diff1": -0.011393,
        "nauc_map_at_1000_max": -0.050861,
        "nauc_map_at_1000_std": -0.099436,
        "nauc_map_at_1000_diff1": -0.01044,
        "nauc_recall_at_1_max": -0.158304,
        "nauc_recall_at_1_std": -0.352697,
        "nauc_recall_at_1_diff1": 0.29568,
        "nauc_recall_at_3_max": -0.147648,
        "nauc_recall_at_3_std": -0.270804,
        "nauc_recall_at_3_diff1": -0.019663,
        "nauc_recall_at_5_max": -0.104239,
        "nauc_recall_at_5_std": -0.224255,
        "nauc_recall_at_5_diff1": -0.085726,
        "nauc_recall_at_10_max": -0.076658,
        "nauc_recall_at_10_std": -0.231538,
        "nauc_recall_at_10_diff1": -0.135529,
        "nauc_recall_at_20_max": -0.026263,
        "nauc_recall_at_20_std": -0.00881,
        "nauc_recall_at_20_diff1": -0.106744,
        "nauc_recall_at_100_max": 0.064355,
        "nauc_recall_at_100_std": 0.071339,
        "nauc_recall_at_100_diff1": -0.022123,
        "nauc_recall_at_1000_max": NaN,
        "nauc_recall_at_1000_std": NaN,
        "nauc_recall_at_1000_diff1": NaN,
        "nauc_precision_at_1_max": -0.158304,
        "nauc_precision_at_1_std": -0.352697,
        "nauc_precision_at_1_diff1": 0.29568,
        "nauc_precision_at_3_max": -0.147648,
        "nauc_precision_at_3_std": -0.270804,
        "nauc_precision_at_3_diff1": -0.019663,
        "nauc_precision_at_5_max": -0.104239,
        "nauc_precision_at_5_std": -0.224255,
        "nauc_precision_at_5_diff1": -0.085726,
        "nauc_precision_at_10_max": -0.076658,
        "nauc_precision_at_10_std": -0.231538,
        "nauc_precision_at_10_diff1": -0.135529,
        "nauc_precision_at_20_max": -0.026263,
        "nauc_precision_at_20_std": -0.00881,
        "nauc_precision_at_20_diff1": -0.106744,
        "nauc_precision_at_100_max": 0.064355,
        "nauc_precision_at_100_std": 0.071339,
        "nauc_precision_at_100_diff1": -0.022123,
        "nauc_precision_at_1000_max": NaN,
        "nauc_precision_at_1000_std": NaN,
        "nauc_precision_at_1000_diff1": NaN,
        "nauc_mrr_at_1_max": -0.158304,
        "nauc_mrr_at_1_std": -0.352697,
        "nauc_mrr_at_1_diff1": 0.29568,
        "nauc_mrr_at_3_max": -0.136206,
        "nauc_mrr_at_3_std": -0.276394,
        "nauc_mrr_at_3_diff1": 0.06711,
        "nauc_mrr_at_5_max": -0.120329,
        "nauc_mrr_at_5_std": -0.254233,
        "nauc_mrr_at_5_diff1": 0.022988,
        "nauc_mrr_at_10_max": -0.111319,
        "nauc_mrr_at_10_std": -0.252159,
        "nauc_mrr_at_10_diff1": -0.008898,
        "nauc_mrr_at_20_max": -0.085264,
        "nauc_mrr_at_20_std": -0.158379,
        "nauc_mrr_at_20_diff1": -0.02053,
        "nauc_mrr_at_100_max": -0.045174,
        "nauc_mrr_at_100_std": -0.090818,
        "nauc_mrr_at_100_diff1": -0.011393,
        "nauc_mrr_at_1000_max": -0.050861,
        "nauc_mrr_at_1000_std": -0.099436,
        "nauc_mrr_at_1000_diff1": -0.01044,
        "main_score": 0.00922,
        "hf_subset": "kor_Hang-kor_Hang",
        "languages": [
          "kor-Hang",
          "kor-Hang"
        ]
      },
      {
        "ndcg_at_1": 0.00222,
        "ndcg_at_3": 0.00488,
        "ndcg_at_5": 0.00579,
        "ndcg_at_10": 0.01051,
        "ndcg_at_20": 0.01634,
        "ndcg_at_100": 0.04346,
        "ndcg_at_1000": 0.14298,
        "map_at_1": 0.00222,
        "map_at_3": 0.00426,
        "map_at_5": 0.00476,
        "map_at_10": 0.00674,
        "map_at_20": 0.0083,
        "map_at_100": 0.01144,
        "map_at_1000": 0.01474,
        "recall_at_1": 0.00222,
        "recall_at_3": 0.00667,
        "recall_at_5": 0.00889,
        "recall_at_10": 0.02333,
        "recall_at_20": 0.04667,
        "recall_at_100": 0.20222,
        "recall_at_1000": 1.0,
        "precision_at_1": 0.00222,
        "precision_at_3": 0.00222,
        "precision_at_5": 0.00178,
        "precision_at_10": 0.00233,
        "precision_at_20": 0.00233,
        "precision_at_100": 0.00202,
        "precision_at_1000": 0.001,
        "mrr_at_1": 0.002222,
        "mrr_at_3": 0.004259,
        "mrr_at_5": 0.004759,
        "mrr_at_10": 0.006739,
        "mrr_at_20": 0.008303,
        "mrr_at_100": 0.011443,
        "mrr_at_1000": 0.01474,
        "nauc_ndcg_at_1_max": 0.830963,
        "nauc_ndcg_at_1_std": 1.0,
        "nauc_ndcg_at_1_diff1": 1.0,
        "nauc_ndcg_at_3_max": 0.453061,
        "nauc_ndcg_at_3_std": 0.311252,
        "nauc_ndcg_at_3_diff1": 0.261192,
        "nauc_ndcg_at_5_max": 0.332001,
        "nauc_ndcg_at_5_std": 0.221757,
        "nauc_ndcg_at_5_diff1": 0.187919,
        "nauc_ndcg_at_10_max": 0.313485,
        "nauc_ndcg_at_10_std": 0.14478,
        "nauc_ndcg_at_10_diff1": 0.099149,
        "nauc_ndcg_at_20_max": 0.258644,
        "nauc_ndcg_at_20_std": 0.111751,
        "nauc_ndcg_at_20_diff1": 0.02458,
        "nauc_ndcg_at_100_max": 0.13929,
        "nauc_ndcg_at_100_std": 0.031284,
        "nauc_ndcg_at_100_diff1": -0.032992,
        "nauc_ndcg_at_1000_max": 0.158779,
        "nauc_ndcg_at_1000_std": 0.073062,
        "nauc_ndcg_at_1000_diff1": 0.032073,
        "nauc_map_at_1_max": 0.830963,