{
  "dataset_revision": "d243889a3eb6654029dbd7e7f9319ae31d58f97c",
  "task_name": "Ko-StrategyQA",
  "mteb_version": "1.38.39",
  "scores": {
    "dev": [
      {
        "ndcg_at_1": 0.0,
        "ndcg_at_3": 0.00065,
        "ndcg_at_5": 0.00065,
        "ndcg_at_10": 0.00065,
        "ndcg_at_20": 0.00065,
        "ndcg_at_100": 0.00296,
        "ndcg_at_1000": 0.01561,
        "map_at_1": 0.0,
        "map_at_3": 0.00042,
        "map_at_5": 0.00042,
        "map_at_10": 0.00042,
        "map_at_20": 0.00042,
        "map_at_100": 0.00062,
        "map_at_1000": 0.00087,
        "recall_at_1": 0.0,
        "recall_at_3": 0.00084,
        "recall_at_5": 0.00084,
        "recall_at_10": 0.00084,
        "recall_at_20": 0.00084,
        "recall_at_100": 0.0125,
        "recall_at_1000": 0.10369,
        "precision_at_1": 0.0,
        "precision_at_3": 0.00056,
        "precision_at_5": 0.00034,
        "precision_at_10": 0.00017,
        "precision_at_20": 8e-05,
        "precision_at_100": 0.00024,
        "precision_at_1000": 0.00021,
        "mrr_at_1": 0.0,
        "mrr_at_3": 0.000845,
        "mrr_at_5": 0.000845,
        "mrr_at_10": 0.000845,
        "mrr_at_20": 0.000845,
        "mrr_at_100": 0.001269,
        "mrr_at_1000": 0.001679,
        "nauc_ndcg_at_1_max": NaN,
        "nauc_ndcg_at_1_std": NaN,
        "nauc_ndcg_at_1_diff1": NaN,
        "nauc_ndcg_at_3_max": 0.661356,
        "nauc_ndcg_at_3_std": 0.661356,
        "nauc_ndcg_at_3_diff1": 1.0,
        "nauc_ndcg_at_5_max": 0.661356,
        "nauc_ndcg_at_5_std": 0.661356,
        "nauc_ndcg_at_5_diff1": 1.0,
        "nauc_ndcg_at_10_max": 0.661356,
        "nauc_ndcg_at_10_std": 0.661356,
        "nauc_ndcg_at_10_diff1": 1.0,
        "nauc_ndcg_at_20_max": 0.661356,
        "nauc_ndcg_at_20_std": 0.661356,
        "nauc_ndcg_at_20_diff1": 1.0,
        "nauc_ndcg_at_100_max": 0.012482,
        "nauc_ndcg_at_100_std": 0.132052,
        "nauc_ndcg_at_100_diff1": 0.203772,
        "nauc_ndcg_at_1000_max": -0.123779,
        "nauc_ndcg_at_1000_std": 0.024856,
        "nauc_ndcg_at_1000_diff1": -0.004514,
        "nauc_map_at_1_max": NaN,
        "nauc_map_at_1_std": NaN,
        "nauc_map_at_1_diff1": NaN,
        "nauc_map_at_3_max": 0.661356,
        "nauc_map_at_3_std": 0.661356,
        "nauc_map_at_3_diff1": 1.0,
        "nauc_map_at_5_max": 0.661356,
        "nauc_map_at_5_std": 0.661356,
        "nauc_map_at_5_diff1": 1.0,
        "nauc_map_at_10_max": 0.661356,
        "nauc_map_at_10_std": 0.661356,
        "nauc_map_at_10_diff1": 1.0,
        "nauc_map_at_20_max": 0.661356,
        "nauc_map_at_20_std": 0.661356,
        "nauc_map_at_20_diff1": 1.0,
        "nauc_map_at_100_max": 0.395191,
        "nauc_map_at_100_std": 0.468314,
        "nauc_map_at_100_diff1": 0.641505,
        "nauc_map_at_1000_max": 0.249535,
        "nauc_map_at_1000_std": 0.331893,
        "nauc_map_at_1000_diff1": 0.448549,
        "nauc_recall_at_1_max": NaN,
        "nauc_recall_at_1_std": NaN,
        "nauc_recall_at_1_diff1": NaN,
        "nauc_recall_at_3_max": 0.661356,
        "nauc_recall_at_3_std": 0.661356,
        "nauc_recall_at_3_diff1": 1.0,
        "nauc_recall_at_5_max": 0.661356,
        "nauc_recall_at_5_std": 0.661356,
        "nauc_recall_at_5_diff1": 1.0,
        "nauc_recall_at_10_max": 0.661356,
        "nauc_recall_at_10_std": 0.661356,
        "nauc_recall_at_10_diff1": 1.0,
        "nauc_recall_at_20_max": 0.661356,
        "nauc_recall_at_20_std": 0.661356,
        "nauc_recall_at_20_diff1": 1.0,
        "nauc_recall_at_100_max": -0.152917,
        "nauc_recall_at_100_std": 0.041989,
        "nauc_recall_at_100_diff1": 0.050007,
        "nauc_recall_at_1000_max": -0.165389,
        "nauc_recall_at_1000_std": 0.001332,
        "nauc_recall_at_1000_diff1": -0.037878,
        "nauc_precision_at_1_max": NaN,
        "nauc_precision_at_1_std": NaN,
        "nauc_precision_at_1_diff1": NaN,
        "nauc_precision_at_3_max": 0.661356,
        "nauc_precision_at_3_std": 0.661356,
        "nauc_precision_at_3_diff1": 1.0,
        "nauc_precision_at_5_max": 0.661356,
        "nauc_precision_at_5_std": 0.661356,
        "nauc_precision_at_5_diff1": 1.0,
        "nauc_precision_at_10_max": 0.661356,
        "nauc_precision_at_10_std": 0.661356,
        "nauc_precision_at_10_diff1": 1.0,
        "nauc_precision_at_20_max": 0.661356,
        "nauc_precision_at_20_std": 0.661356,
        "nauc_precision_at_20_diff1": 1.0,
        "nauc_precision_at_100_max": -0.06915,
        "nauc_precision_at_100_std": -0.041465,
        "nauc_precision_at_100_diff1": 0.106974,
        "nauc_precision_at_1000_max": -0.13731,
        "nauc_precision_at_1000_std": 0.008992,
        "nauc_precision_at_1000_diff1": -0.046983,
        "nauc_mrr_at_1_max": NaN,
        "nauc_mrr_at_1_std": NaN,
        "nauc_mrr_at_1_diff1": NaN,
        "nauc_mrr_at_3_max": 0.661356,
        "nauc_mrr_at_3_std": 0.661356,
        "nauc_mrr_at_3_diff1": 1.0,
        "nauc_mrr_at_5_max": 0.661356,
        "nauc_mrr_at_5_std": 0.661356,
        "nauc_mrr_at_5_diff1": 1.0,
        "nauc_mrr_at_10_max": 0.661356,
        "nauc_mrr_at_10_std": 0.661356,
        "nauc_mrr_at_10_diff1": 1.0,
        "nauc_mrr_at_20_max": 0.661356,
        "nauc_mrr_at_20_std": 0.661356,
        "nauc_mrr_at_20_diff1": 1.0,
        "nauc_mrr_at_100_max": 0.412239,
        "nauc_mrr_at_100_std": 0.406655,
        "nauc_mrr_at_100_diff1": 0.63828,
        "nauc_mrr_at_1000_max": 0.287181,
        "nauc_mrr_at_1000_std": 0.314286,
        "nauc_mrr_at_1000_diff1": 0.479248,
        "main_score": 0.00065,
        "hf_subset": "default",
        "languages": [
          "kor-Hang"
        ]
      }
    ]
  },
  "evaluation_time": 13.315578699111938,
  "kg_co2_emissions": null
}