{
  "dataset_revision": "d67138e705d963e346253a80e59676ddb418810a",
  "task_name": "MultiLongDocRetrieval",
  "mteb_version": "1.38.39",
  "scores": {
    "dev": [
      {
        "ndcg_at_1": 0.0,
        "ndcg_at_3": 0.0025,
        "ndcg_at_5": 0.0025,
        "ndcg_at_10": 0.0025,
        "ndcg_at_20": 0.0025,
        "ndcg_at_100": 0.01207,
        "ndcg_at_1000": 0.03762,
        "map_at_1": 0.0,
        "map_at_3": 0.00167,
        "map_at_5": 0.00167,
        "map_at_10": 0.00167,
        "map_at_20": 0.00167,
        "map_at_100": 0.00276,
        "map_at_1000": 0.00339,
        "recall_at_1": 0.0,
        "recall_at_3": 0.005,
        "recall_at_5": 0.005,
        "recall_at_10": 0.005,
        "recall_at_20": 0.005,
        "recall_at_100": 0.06,
        "recall_at_1000": 0.28,
        "precision_at_1": 0.0,
        "precision_at_3": 0.00167,
        "precision_at_5": 0.001,
        "precision_at_10": 0.0005,
        "precision_at_20": 0.00025,
        "precision_at_100": 0.0006,
        "precision_at_1000": 0.00028,
        "mrr_at_1": 0.0,
        "mrr_at_3": 0.001667,
        "mrr_at_5": 0.001667,
        "mrr_at_10": 0.001667,
        "mrr_at_20": 0.001667,
        "mrr_at_100": 0.002756,
        "mrr_at_1000": 0.003394,
        "nauc_ndcg_at_1_max": NaN,
        "nauc_ndcg_at_1_std": NaN,
        "nauc_ndcg_at_1_diff1": NaN,
        "nauc_ndcg_at_3_max": 1.0,
        "nauc_ndcg_at_3_std": 1.0,
        "nauc_ndcg_at_3_diff1": -0.574725,
        "nauc_ndcg_at_5_max": 1.0,
        "nauc_ndcg_at_5_std": 1.0,
        "nauc_ndcg_at_5_diff1": -0.574725,
        "nauc_ndcg_at_10_max": 1.0,
        "nauc_ndcg_at_10_std": 1.0,
        "nauc_ndcg_at_10_diff1": -0.574725,
        "nauc_ndcg_at_20_max": 1.0,
        "nauc_ndcg_at_20_std": 1.0,
        "nauc_ndcg_at_20_diff1": -0.574725,
        "nauc_ndcg_at_100_max": 0.696464,
        "nauc_ndcg_at_100_std": 0.286925,
        "nauc_ndcg_at_100_diff1": -0.32254,
        "nauc_ndcg_at_1000_max": 0.512699,
        "nauc_ndcg_at_1000_std": 0.138233,
        "nauc_ndcg_at_1000_diff1": -0.311672,
        "nauc_map_at_1_max": NaN,
        "nauc_map_at_1_std": NaN,
        "nauc_map_at_1_diff1": NaN,
        "nauc_map_at_3_max": 1.0,
        "nauc_map_at_3_std": 1.0,
        "nauc_map_at_3_diff1": -0.574725,
        "nauc_map_at_5_max": 1.0,
        "nauc_map_at_5_std": 1.0,
        "nauc_map_at_5_diff1": -0.574725,
        "nauc_map_at_10_max": 1.0,
        "nauc_map_at_10_std": 1.0,
        "nauc_map_at_10_diff1": -0.574725,
        "nauc_map_at_20_max": 1.0,
        "nauc_map_at_20_std": 1.0,
        "nauc_map_at_20_diff1": -0.574725,
        "nauc_map_at_100_max": 0.844914,
        "nauc_map_at_100_std": 0.665347,
        "nauc_map_at_100_diff1": -0.460926,
        "nauc_map_at_1000_max": 0.785262,
        "nauc_map_at_1000_std": 0.576248,
        "nauc_map_at_1000_diff1": -0.444128,
        "nauc_recall_at_1_max": NaN,
        "nauc_recall_at_1_std": NaN,
        "nauc_recall_at_1_diff1": NaN,
        "nauc_recall_at_3_max": 1.0,
        "nauc_recall_at_3_std": 1.0,
        "nauc_recall_at_3_diff1": -0.574725,
        "nauc_recall_at_5_max": 1.0,
        "nauc_recall_at_5_std": 1.0,
        "nauc_recall_at_5_diff1": -0.574725,
        "nauc_recall_at_10_max": 1.0,
        "nauc_recall_at_10_std": 1.0,
        "nauc_recall_at_10_diff1": -0.574725,
        "nauc_recall_at_20_max": 1.0,
        "nauc_recall_at_20_std": 1.0,
        "nauc_recall_at_20_diff1": -0.574725,
        "nauc_recall_at_100_max": 0.652536,
        "nauc_recall_at_100_std": 0.158304,
        "nauc_recall_at_100_diff1": -0.275288,
        "nauc_recall_at_1000_max": 0.45115,
        "nauc_recall_at_1000_std": 0.060248,
        "nauc_recall_at_1000_diff1": -0.289227,
        "nauc_precision_at_1_max": NaN,
        "nauc_precision_at_1_std": NaN,
        "nauc_precision_at_1_diff1": NaN,
        "nauc_precision_at_3_max": 1.0,
        "nauc_precision_at_3_std": 1.0,
        "nauc_precision_at_3_diff1": -0.574725,
        "nauc_precision_at_5_max": 1.0,
        "nauc_precision_at_5_std": 1.0,
        "nauc_precision_at_5_diff1": -0.574725,
        "nauc_precision_at_10_max": 1.0,
        "nauc_precision_at_10_std": 1.0,
        "nauc_precision_at_10_diff1": -0.574725,
        "nauc_precision_at_20_max": 1.0,
        "nauc_precision_at_20_std": 1.0,
        "nauc_precision_at_20_diff1": -0.574725,
        "nauc_precision_at_100_max": 0.652536,
        "nauc_precision_at_100_std": 0.158304,
        "nauc_precision_at_100_diff1": -0.275288,
        "nauc_precision_at_1000_max": 0.45115,
        "nauc_precision_at_1000_std": 0.060248,
        "nauc_precision_at_1000_diff1": -0.289227,
        "nauc_mrr_at_1_max": NaN,
        "nauc_mrr_at_1_std": NaN,
        "nauc_mrr_at_1_diff1": NaN,
        "nauc_mrr_at_3_max": 1.0,
        "nauc_mrr_at_3_std": 1.0,
        "nauc_mrr_at_3_diff1": -0.574725,
        "nauc_mrr_at_5_max": 1.0,
        "nauc_mrr_at_5_std": 1.0,
        "nauc_mrr_at_5_diff1": -0.574725,
        "nauc_mrr_at_10_max": 1.0,
        "nauc_mrr_at_10_std": 1.0,
        "nauc_mrr_at_10_diff1": -0.574725,
        "nauc_mrr_at_20_max": 1.0,
        "nauc_mrr_at_20_std": 1.0,
        "nauc_mrr_at_20_diff1": -0.574725,
        "nauc_mrr_at_100_max": 0.844914,
        "nauc_mrr_at_100_std": 0.665347,
        "nauc_mrr_at_100_diff1": -0.460926,
        "nauc_mrr_at_1000_max": 0.785262,
        "nauc_mrr_at_1000_std": 0.576248,
        "nauc_mrr_at_1000_diff1": -0.444128,
        "main_score": 0.0025,
        "hf_subset": "ko",
        "languages": [
          "kor-Hang"
        ]
      }
    ],
    "test": [
      {
        "ndcg_at_1": 0.005,
        "ndcg_at_3": 0.01131,
        "ndcg_at_5": 0.01131,
        "ndcg_at_10": 0.01131,
        "ndcg_at_20": 0.01495,
        "ndcg_at_100": 0.02799,
        "ndcg_at_1000": 0.05476,
        "map_at_1": 0.005,
        "map_at_3": 0.01,
        "map_at_5": 0.01,
        "map_at_10": 0.01,
        "map_at_20": 0.01092,
        "map_at_100": 0.01241,
        "map_at_1000": 0.01309,
        "recall_at_1": 0.005,
        "recall_at_3": 0.015,
        "recall_at_5": 0.015,
        "recall_at_10": 0.015,
        "recall_at_20": 0.03,
        "recall_at_100": 0.105,
        "recall_at_1000": 0.335,
        "precision_at_1": 0.005,
        "precision_at_3": 0.005,
        "precision_at_5": 0.003,
        "precision_at_10": 0.0015,
        "precision_at_20": 0.0015,
        "precision_at_100": 0.00105,
        "precision_at_1000": 0.00034,
        "mrr_at_1": 0.005,
        "mrr_at_3": 0.01,
        "mrr_at_5": 0.01,
        "mrr_at_10": 0.01,
        "mrr_at_20": 0.01092,
        "mrr_at_100": 0.012407,
        "mrr_at_1000": 0.013094,
        "nauc_ndcg_at_1_max": 0.661926,
        "nauc_ndcg_at_1_std": 1.0,
        "nauc_ndcg_at_1_diff1": -0.415079,
        "nauc_ndcg_at_3_max": 0.661926,
        "nauc_ndcg_at_3_std": 0.581698,
        "nauc_ndcg_at_3_diff1": -0.459611,
        "nauc_ndcg_at_5_max": 0.661926,
        "nauc_ndcg_at_5_std": 0.581698,
        "nauc_ndcg_at_5_diff1": -0.459611,
        "nauc_ndcg_at_10_max": 0.661926,
        "nauc_ndcg_at_10_std": 0.581698,
        "nauc_ndcg_at_10_diff1": -0.459611,
        "nauc_ndcg_at_20_max": 0.564419,
        "nauc_ndcg_at_20_std": 0.402199,
        "nauc_ndcg_at_20_diff1": -0.432625,
        "nauc_ndcg_at_100_max": 0.516482,
        "nauc_ndcg_at_100_std": 0.280154,
        "nauc_ndcg_at_100_diff1": -0.305544,
        "nauc_ndcg_at_1000_max": 0.49308,
        "nauc_ndcg_at_1000_std": 0.197447,
        "nauc_ndcg_at_1000_diff1": -0.267549,
        "nauc_map_at_1_max": 0.661926,
        "nauc_map_at_1_std": 1.0,
        "nauc_map_at_1_diff1": -0.415079,
        "nauc_map_at_3_max": 0.661926,
        "nauc_map_at_3_std": 0.625101,
        "nauc_map_at_3_diff1": -0.454991,
        "nauc_map_at_5_max": 0.661926,
        "nauc_map_at_5_std": 0.625101,
        "nauc_map_at_5_diff1": -0.454991,
        "nauc_map_at_10_max": 0.661926,