{
  "dataset_revision": "main",
  "task_name": "PublicHealthQA",
  "mteb_version": "1.38.39",
  "scores": {
    "test": [
      {
        "ndcg_at_1": 0.02597,
        "ndcg_at_3": 0.04715,
        "ndcg_at_5": 0.0572,
        "ndcg_at_10": 0.0827,
        "ndcg_at_20": 0.11481,
        "ndcg_at_100": 0.24279,
        "ndcg_at_1000": 0.24279,
        "map_at_1": 0.02597,
        "map_at_3": 0.04113,
        "map_at_5": 0.04632,
        "map_at_10": 0.05701,
        "map_at_20": 0.06543,
        "map_at_100": 0.08214,
        "map_at_1000": 0.08214,
        "recall_at_1": 0.02597,
        "recall_at_3": 0.06494,
        "recall_at_5": 0.09091,
        "recall_at_10": 0.16883,
        "recall_at_20": 0.2987,
        "recall_at_100": 1.0,
        "recall_at_1000": 1.0,
        "precision_at_1": 0.02597,
        "precision_at_3": 0.02165,
        "precision_at_5": 0.01818,
        "precision_at_10": 0.01688,
        "precision_at_20": 0.01494,
        "precision_at_100": 0.01,
        "precision_at_1000": 0.001,
        "mrr_at_1": 0.025974,
        "mrr_at_3": 0.041126,
        "mrr_at_5": 0.04632,
        "mrr_at_10": 0.057014,
        "mrr_at_20": 0.06543,
        "mrr_at_100": 0.082139,
        "mrr_at_1000": 0.082139,
        "nauc_ndcg_at_1_max": -0.11218,
        "nauc_ndcg_at_1_std": -0.312191,
        "nauc_ndcg_at_1_diff1": 0.4637,
        "nauc_ndcg_at_3_max": -0.206447,
        "nauc_ndcg_at_3_std": 0.070382,
        "nauc_ndcg_at_3_diff1": 0.413218,
        "nauc_ndcg_at_5_max": -0.023261,
        "nauc_ndcg_at_5_std": -0.043485,
        "nauc_ndcg_at_5_diff1": 0.456906,
        "nauc_ndcg_at_10_max": 0.078899,
        "nauc_ndcg_at_10_std": -0.124871,
        "nauc_ndcg_at_10_diff1": 0.395256,
        "nauc_ndcg_at_20_max": 0.017019,
        "nauc_ndcg_at_20_std": -0.080405,
        "nauc_ndcg_at_20_diff1": 0.367478,
        "nauc_ndcg_at_100_max": -0.014455,
        "nauc_ndcg_at_100_std": -0.113783,
        "nauc_ndcg_at_100_diff1": 0.35695,
        "nauc_ndcg_at_1000_max": -0.014455,
        "nauc_ndcg_at_1000_std": -0.113783,
        "nauc_ndcg_at_1000_diff1": 0.35695,
        "nauc_map_at_1_max": -0.11218,
        "nauc_map_at_1_std": -0.312191,
        "nauc_map_at_1_diff1": 0.4637,
        "nauc_map_at_3_max": -0.195912,
        "nauc_map_at_3_std": 0.013144,
        "nauc_map_at_3_diff1": 0.40302,
        "nauc_map_at_5_max": -0.080136,
        "nauc_map_at_5_std": -0.053136,
        "nauc_map_at_5_diff1": 0.432057,
        "nauc_map_at_10_max": -0.011391,
        "nauc_map_at_10_std": -0.103416,
        "nauc_map_at_10_diff1": 0.403093,
        "nauc_map_at_20_max": -0.03163,
        "nauc_map_at_20_std": -0.090378,
        "nauc_map_at_20_diff1": 0.391971,
        "nauc_map_at_100_max": -0.038811,
        "nauc_map_at_100_std": -0.105299,
        "nauc_map_at_100_diff1": 0.379156,
        "nauc_map_at_1000_max": -0.038811,
        "nauc_map_at_1000_std": -0.105299,
        "nauc_map_at_1000_diff1": 0.379156,
        "nauc_recall_at_1_max": -0.11218,
        "nauc_recall_at_1_std": -0.312191,
        "nauc_recall_at_1_diff1": 0.4637,
        "nauc_recall_at_3_max": -0.224703,
        "nauc_recall_at_3_std": 0.174726,
        "nauc_recall_at_3_diff1": 0.436535,
        "nauc_recall_at_5_max": 0.078474,
        "nauc_recall_at_5_std": -0.040297,
        "nauc_recall_at_5_diff1": 0.500933,
        "nauc_recall_at_10_max": 0.198926,
        "nauc_recall_at_10_std": -0.162047,
        "nauc_recall_at_10_diff1": 0.380034,
        "nauc_recall_at_20_max": 0.057607,
        "nauc_recall_at_20_std": -0.06417,
        "nauc_recall_at_20_diff1": 0.332299,
        "nauc_recall_at_100_max": NaN,
        "nauc_recall_at_100_std": NaN,
        "nauc_recall_at_100_diff1": NaN,
        "nauc_recall_at_1000_max": NaN,
        "nauc_recall_at_1000_std": NaN,
        "nauc_recall_at_1000_diff1": NaN,
        "nauc_precision_at_1_max": -0.11218,
        "nauc_precision_at_1_std": -0.312191,
        "nauc_precision_at_1_diff1": 0.4637,
        "nauc_precision_at_3_max": -0.224703,
        "nauc_precision_at_3_std": 0.174726,
        "nauc_precision_at_3_diff1": 0.436535,
        "nauc_precision_at_5_max": 0.078474,
        "nauc_precision_at_5_std": -0.040297,
        "nauc_precision_at_5_diff1": 0.500933,
        "nauc_precision_at_10_max": 0.198926,
        "nauc_precision_at_10_std": -0.162047,
        "nauc_precision_at_10_diff1": 0.380034,
        "nauc_precision_at_20_max": 0.057607,
        "nauc_precision_at_20_std": -0.06417,
        "nauc_precision_at_20_diff1": 0.332299,
        "nauc_precision_at_100_max": 1.0,
        "nauc_precision_at_100_std": 1.0,
        "nauc_precision_at_100_diff1": 1.0,
        "nauc_precision_at_1000_max": NaN,
        "nauc_precision_at_1000_std": NaN,
        "nauc_precision_at_1000_diff1": NaN,
        "nauc_mrr_at_1_max": -0.11218,
        "nauc_mrr_at_1_std": -0.312191,
        "nauc_mrr_at_1_diff1": 0.4637,
        "nauc_mrr_at_3_max": -0.195912,
        "nauc_mrr_at_3_std": 0.013144,
        "nauc_mrr_at_3_diff1": 0.40302,
        "nauc_mrr_at_5_max": -0.080136,
        "nauc_mrr_at_5_std": -0.053136,
        "nauc_mrr_at_5_diff1": 0.432057,
        "nauc_mrr_at_10_max": -0.011391,
        "nauc_mrr_at_10_std": -0.103416,
        "nauc_mrr_at_10_diff1": 0.403093,
        "nauc_mrr_at_20_max": -0.03163,
        "nauc_mrr_at_20_std": -0.090378,
        "nauc_mrr_at_20_diff1": 0.391971,
        "nauc_mrr_at_100_max": -0.038811,
        "nauc_mrr_at_100_std": -0.105299,
        "nauc_mrr_at_100_diff1": 0.379156,
        "nauc_mrr_at_1000_max": -0.038811,
        "nauc_mrr_at_1000_std": -0.105299,
        "nauc_mrr_at_1000_diff1": 0.379156,
        "main_score": 0.0827,
        "hf_subset": "korean",
        "languages": [
          "kor-Hang"
        ]
      }
    ]
  },
  "evaluation_time": 0.25140929222106934,
  "kg_co2_emissions": null
}