{
  "dataset_revision": "c99d599f0a6ab9b85b065da6f9d94f9cf731679f",
  "task_name": "XPQARetrieval",
  "mteb_version": "1.38.39",
  "scores": {
    "test": [
      {
        "ndcg_at_1": 0.00459,
        "ndcg_at_3": 0.01054,
        "ndcg_at_5": 0.01113,
        "ndcg_at_10": 0.01725,
        "ndcg_at_20": 0.02432,
        "ndcg_at_100": 0.05188,
        "ndcg_at_1000": 0.15692,
        "map_at_1": 0.00459,
        "map_at_3": 0.00892,
        "map_at_5": 0.00923,
        "map_at_10": 0.01163,
        "map_at_20": 0.0134,
        "map_at_100": 0.01665,
        "map_at_1000": 0.01967,
        "recall_at_1": 0.00459,
        "recall_at_3": 0.01529,
        "recall_at_5": 0.01682,
        "recall_at_10": 0.03542,
        "recall_at_20": 0.0618,
        "recall_at_100": 0.2052,
        "recall_at_1000": 1.0,
        "precision_at_1": 0.00459,
        "precision_at_3": 0.0051,
        "precision_at_5": 0.00336,
        "precision_at_10": 0.00382,
        "precision_at_20": 0.00367,
        "precision_at_100": 0.00272,
        "precision_at_1000": 0.00156,
        "mrr_at_1": 0.004587,
        "mrr_at_3": 0.008665,
        "mrr_at_5": 0.00897,
        "mrr_at_10": 0.011741,
        "mrr_at_20": 0.01407,
        "mrr_at_100": 0.018086,
        "mrr_at_1000": 0.020669,
        "nauc_ndcg_at_1_max": 0.6432,
        "nauc_ndcg_at_1_std": 0.030377,
        "nauc_ndcg_at_1_diff1": 0.39874,
        "nauc_ndcg_at_3_max": 0.626499,
        "nauc_ndcg_at_3_std": 0.018054,
        "nauc_ndcg_at_3_diff1": 0.176471,
        "nauc_ndcg_at_5_max": 0.6283,
        "nauc_ndcg_at_5_std": 0.000193,
        "nauc_ndcg_at_5_diff1": 0.163352,
        "nauc_ndcg_at_10_max": 0.468279,
        "nauc_ndcg_at_10_std": 0.017277,
        "nauc_ndcg_at_10_diff1": 0.081759,
        "nauc_ndcg_at_20_max": 0.383238,
        "nauc_ndcg_at_20_std": 0.03226,
        "nauc_ndcg_at_20_diff1": -0.014066,
        "nauc_ndcg_at_100_max": 0.257975,
        "nauc_ndcg_at_100_std": -0.007734,
        "nauc_ndcg_at_100_diff1": 0.003155,
        "nauc_ndcg_at_1000_max": 0.245967,
        "nauc_ndcg_at_1000_std": 0.025839,
        "nauc_ndcg_at_1000_diff1": 0.025749,
        "nauc_map_at_1_max": 0.6432,
        "nauc_map_at_1_std": 0.030377,
        "nauc_map_at_1_diff1": 0.39874,
        "nauc_map_at_3_max": 0.623129,
        "nauc_map_at_3_std": 0.011181,
        "nauc_map_at_3_diff1": 0.212148,
        "nauc_map_at_5_max": 0.624364,
        "nauc_map_at_5_std": 0.000267,
        "nauc_map_at_5_diff1": 0.202782,
        "nauc_map_at_10_max": 0.529092,
        "nauc_map_at_10_std": 0.008105,
        "nauc_map_at_10_diff1": 0.142909,
        "nauc_map_at_20_max": 0.485631,
        "nauc_map_at_20_std": 0.015494,
        "nauc_map_at_20_diff1": 0.089565,
        "nauc_map_at_100_max": 0.423816,
        "nauc_map_at_100_std": 0.004481,
        "nauc_map_at_100_diff1": 0.080088,
        "nauc_map_at_1000_max": 0.415279,
        "nauc_map_at_1000_std": 0.007994,
        "nauc_map_at_1000_diff1": 0.083135,
        "nauc_recall_at_1_max": 0.6432,
        "nauc_recall_at_1_std": 0.030377,
        "nauc_recall_at_1_diff1": 0.39874,
        "nauc_recall_at_3_max": 0.633483,
        "nauc_recall_at_3_std": 0.031648,
        "nauc_recall_at_3_diff1": 0.114461,
        "nauc_recall_at_5_max": 0.635928,
        "nauc_recall_at_5_std": -0.000142,
        "nauc_recall_at_5_diff1": 0.097655,
        "nauc_recall_at_10_max": 0.397789,
        "nauc_recall_at_10_std": 0.023558,
        "nauc_recall_at_10_diff1": 0.010128,
        "nauc_recall_at_20_max": 0.301052,
        "nauc_recall_at_20_std": 0.036329,
        "nauc_recall_at_20_diff1": -0.102567,
        "nauc_recall_at_100_max": 0.177693,
        "nauc_recall_at_100_std": -0.030052,
        "nauc_recall_at_100_diff1": -0.026093,
        "nauc_recall_at_1000_max": NaN,
        "nauc_recall_at_1000_std": NaN,
        "nauc_recall_at_1000_diff1": NaN,
        "nauc_precision_at_1_max": 0.6432,
        "nauc_precision_at_1_std": 0.030377,
        "nauc_precision_at_1_diff1": 0.39874,
        "nauc_precision_at_3_max": 0.633483,
        "nauc_precision_at_3_std": 0.031648,
        "nauc_precision_at_3_diff1": 0.114461,
        "nauc_precision_at_5_max": 0.635928,
        "nauc_precision_at_5_std": -0.000142,
        "nauc_precision_at_5_diff1": 0.097655,
        "nauc_precision_at_10_max": 0.392431,
        "nauc_precision_at_10_std": 0.039407,
        "nauc_precision_at_10_diff1": 0.027218,
        "nauc_precision_at_20_max": 0.275409,
        "nauc_precision_at_20_std": 0.065443,
        "nauc_precision_at_20_diff1": -0.09412,
        "nauc_precision_at_100_max": 0.167594,
        "nauc_precision_at_100_std": 0.007782,
        "nauc_precision_at_100_diff1": -0.00427,
        "nauc_precision_at_1000_max": -0.056224,
        "nauc_precision_at_1000_std": 0.069192,
        "nauc_precision_at_1000_diff1": -0.002831,
        "nauc_mrr_at_1_max": 0.6432,
        "nauc_mrr_at_1_std": 0.030377,
        "nauc_mrr_at_1_diff1": 0.39874,
        "nauc_mrr_at_3_max": 0.638571,
        "nauc_mrr_at_3_std": 0.017551,
        "nauc_mrr_at_3_diff1": 0.208877,
        "nauc_mrr_at_5_max": 0.639315,
        "nauc_mrr_at_5_std": 0.00611,
        "nauc_mrr_at_5_diff1": 0.199356,
        "nauc_mrr_at_10_max": 0.529603,
        "nauc_mrr_at_10_std": 0.020405,
        "nauc_mrr_at_10_diff1": 0.14144,
        "nauc_mrr_at_20_max": 0.471192,
        "nauc_mrr_at_20_std": 0.035065,
        "nauc_mrr_at_20_diff1": 0.07943,
        "nauc_mrr_at_100_max": 0.399955,
        "nauc_mrr_at_100_std": 0.021515,
        "nauc_mrr_at_100_diff1": 0.069957,
        "nauc_mrr_at_1000_max": 0.396048,
        "nauc_mrr_at_1000_std": 0.021173,
        "nauc_mrr_at_1000_diff1": 0.075026,
        "main_score": 0.01725,
        "hf_subset": "kor-kor",
        "languages": [
          "kor-Hang",
          "kor-Hang"
        ]
      },
      {
        "ndcg_at_1": 0.00612,
        "ndcg_at_3": 0.00985,
        "ndcg_at_5": 0.01134,
        "ndcg_at_10": 0.01551,
        "ndcg_at_20": 0.01863,
        "ndcg_at_100": 0.03633,
        "ndcg_at_1000": 0.13989,
        "map_at_1": 0.00612,
        "map_at_3": 0.00869,
        "map_at_5": 0.00953,
        "map_at_10": 0.01119,
        "map_at_20": 0.01203,
        "map_at_100": 0.01391,
        "map_at_1000": 0.01668,
        "recall_at_1": 0.00612,
        "recall_at_3": 0.01177,
        "recall_at_5": 0.0156,
        "recall_at_10": 0.02661,
        "recall_at_20": 0.03846,
        "recall_at_100": 0.12599,
        "recall_at_1000": 0.88672,
        "precision_at_1": 0.00612,
        "precision_at_3": 0.00459,
        "precision_at_5": 0.00367,
        "precision_at_10": 0.00352,
        "precision_at_20": 0.00252,
        "precision_at_100": 0.00214,
        "precision_at_1000": 0.00169,
        "mrr_at_1": 0.006116,
        "mrr_at_3": 0.009684,
        "mrr_at_5": 0.010678,
        "mrr_at_10": 0.013194,
        "mrr_at_20": 0.014085,
        "mrr_at_100": 0.016809,
        "mrr_at_1000": 0.01927,
        "nauc_ndcg_at_1_max": 0.435562,
        "nauc_ndcg_at_1_std": -0.216036,
        "nauc_ndcg_at_1_diff1": 0.379896,
        "nauc_ndcg_at_3_max": 0.318314,
        "nauc_ndcg_at_3_std": -0.154256,
        "nauc_ndcg_at_3_diff1": 0.215716,
        "nauc_ndcg_at_5_max": 0.285559,
        "nauc_ndcg_at_5_std": -0.1963,
        "nauc_ndcg_at_5_diff1": 0.184263,
        "nauc_ndcg_at_10_max": 0.273434,
        "nauc_ndcg_at_10_std": -0.135168,
        "nauc_ndcg_at_10_diff1": 0.109994,
        "nauc_ndcg_at_20_max": 0.188702,
        "nauc_ndcg_at_20_std": -0.116685,
        "nauc_ndcg_at_20_diff1": 0.064404,
        "nauc_ndcg_at_100_max": 0.126967,
        "nauc_ndcg_at_100_std": -0.107153,
        "nauc_ndcg_at_100_diff1": 0.030545,
        "nauc_ndcg_at_1000_max": 0.047164,
        "nauc_ndcg_at_1000_std": -0.072376,
        "nauc_ndcg_at_1000_diff1": 0.059348,
        "nauc_map_at_1_max": 0.435562,
        "nauc_map_at_1_std": -0.216036,