{
  "dataset_revision": "fd7df84ac089bbec763b1c6bb1b56e985df5cc5c",
  "task_name": "AutoRAGRetrieval",
  "mteb_version": "1.38.39",
  "scores": {
    "test": [
      {
        "ndcg_at_1": 0.51754,
        "ndcg_at_3": 0.61236,
        "ndcg_at_5": 0.64559,
        "ndcg_at_10": 0.66512,
        "ndcg_at_20": 0.67854,
        "ndcg_at_100": 0.69666,
        "ndcg_at_1000": 0.70048,
        "map_at_1": 0.51754,
        "map_at_3": 0.58772,
        "map_at_5": 0.60658,
        "map_at_10": 0.61446,
        "map_at_20": 0.61821,
        "map_at_100": 0.62077,
        "map_at_1000": 0.621,
        "recall_at_1": 0.51754,
        "recall_at_3": 0.68421,
        "recall_at_5": 0.76316,
        "recall_at_10": 0.82456,
        "recall_at_20": 0.87719,
        "recall_at_100": 0.97368,
        "recall_at_1000": 1.0,
        "precision_at_1": 0.51754,
        "precision_at_3": 0.22807,
        "precision_at_5": 0.15263,
        "precision_at_10": 0.08246,
        "precision_at_20": 0.04386,
        "precision_at_100": 0.00974,
        "precision_at_1000": 0.001,
        "mrr_at_1": 0.517544,
        "mrr_at_3": 0.587719,
        "mrr_at_5": 0.606579,
        "mrr_at_10": 0.61446,
        "mrr_at_20": 0.618214,
        "mrr_at_100": 0.620773,
        "mrr_at_1000": 0.620996,
        "nauc_ndcg_at_1_max": 0.208165,
        "nauc_ndcg_at_1_std": -0.01248,
        "nauc_ndcg_at_1_diff1": 0.644598,
        "nauc_ndcg_at_3_max": 0.218401,
        "nauc_ndcg_at_3_std": -0.029169,
        "nauc_ndcg_at_3_diff1": 0.582882,
        "nauc_ndcg_at_5_max": 0.258795,
        "nauc_ndcg_at_5_std": 0.002867,
        "nauc_ndcg_at_5_diff1": 0.568205,
        "nauc_ndcg_at_10_max": 0.297282,
        "nauc_ndcg_at_10_std": 0.043611,
        "nauc_ndcg_at_10_diff1": 0.57869,
        "nauc_ndcg_at_20_max": 0.274955,
        "nauc_ndcg_at_20_std": 0.044656,
        "nauc_ndcg_at_20_diff1": 0.562257,
        "nauc_ndcg_at_100_max": 0.25877,
        "nauc_ndcg_at_100_std": 0.015793,
        "nauc_ndcg_at_100_diff1": 0.571193,
        "nauc_ndcg_at_1000_max": 0.253583,
        "nauc_ndcg_at_1000_std": 0.015237,
        "nauc_ndcg_at_1000_diff1": 0.577913,
        "nauc_map_at_1_max": 0.208165,
        "nauc_map_at_1_std": -0.01248,
        "nauc_map_at_1_diff1": 0.644598,
        "nauc_map_at_3_max": 0.213484,
        "nauc_map_at_3_std": -0.024454,
        "nauc_map_at_3_diff1": 0.596128,
        "nauc_map_at_5_max": 0.233956,
        "nauc_map_at_5_std": -0.007522,
        "nauc_map_at_5_diff1": 0.588778,
        "nauc_map_at_10_max": 0.248401,
        "nauc_map_at_10_std": 0.007582,
        "nauc_map_at_10_diff1": 0.592596,
        "nauc_map_at_20_max": 0.242375,
        "nauc_map_at_20_std": 0.008086,
        "nauc_map_at_20_diff1": 0.588413,
        "nauc_map_at_100_max": 0.240345,
        "nauc_map_at_100_std": 0.004403,
        "nauc_map_at_100_diff1": 0.589071,
        "nauc_map_at_1000_max": 0.240085,
        "nauc_map_at_1000_std": 0.00435,
        "nauc_map_at_1000_diff1": 0.589412,
        "nauc_recall_at_1_max": 0.208165,
        "nauc_recall_at_1_std": -0.01248,
        "nauc_recall_at_1_diff1": 0.644598,
        "nauc_recall_at_3_max": 0.236083,
        "nauc_recall_at_3_std": -0.045242,
        "nauc_recall_at_3_diff1": 0.539626,
        "nauc_recall_at_5_max": 0.369477,
        "nauc_recall_at_5_std": 0.05101,
        "nauc_recall_at_5_diff1": 0.484179,
        "nauc_recall_at_10_max": 0.585128,
        "nauc_recall_at_10_std": 0.264019,
        "nauc_recall_at_10_diff1": 0.516112,
        "nauc_recall_at_20_max": 0.512148,
        "nauc_recall_at_20_std": 0.345177,
        "nauc_recall_at_20_diff1": 0.362642,
        "nauc_recall_at_100_max": 0.571476,
        "nauc_recall_at_100_std": 0.043419,
        "nauc_recall_at_100_diff1": 0.169222,
        "nauc_recall_at_1000_max": NaN,
        "nauc_recall_at_1000_std": NaN,
        "nauc_recall_at_1000_diff1": NaN,
        "nauc_precision_at_1_max": 0.208165,
        "nauc_precision_at_1_std": -0.01248,
        "nauc_precision_at_1_diff1": 0.644598,
        "nauc_precision_at_3_max": 0.236083,
        "nauc_precision_at_3_std": -0.045242,
        "nauc_precision_at_3_diff1": 0.539626,
        "nauc_precision_at_5_max": 0.369477,
        "nauc_precision_at_5_std": 0.05101,
        "nauc_precision_at_5_diff1": 0.484179,
        "nauc_precision_at_10_max": 0.585128,
        "nauc_precision_at_10_std": 0.264019,
        "nauc_precision_at_10_diff1": 0.516112,
        "nauc_precision_at_20_max": 0.512148,
        "nauc_precision_at_20_std": 0.345177,
        "nauc_precision_at_20_diff1": 0.362642,
        "nauc_precision_at_100_max": 0.571476,
        "nauc_precision_at_100_std": 0.043419,
        "nauc_precision_at_100_diff1": 0.169222,
        "nauc_precision_at_1000_max": 1.0,
        "nauc_precision_at_1000_std": 1.0,
        "nauc_precision_at_1000_diff1": 1.0,
        "nauc_mrr_at_1_max": 0.208165,
        "nauc_mrr_at_1_std": -0.01248,
        "nauc_mrr_at_1_diff1": 0.644598,
        "nauc_mrr_at_3_max": 0.213484,
        "nauc_mrr_at_3_std": -0.024454,
        "nauc_mrr_at_3_diff1": 0.596128,
        "nauc_mrr_at_5_max": 0.233956,
        "nauc_mrr_at_5_std": -0.007522,
        "nauc_mrr_at_5_diff1": 0.588778,
        "nauc_mrr_at_10_max": 0.248401,
        "nauc_mrr_at_10_std": 0.007582,
        "nauc_mrr_at_10_diff1": 0.592596,
        "nauc_mrr_at_20_max": 0.242375,
        "nauc_mrr_at_20_std": 0.008086,
        "nauc_mrr_at_20_diff1": 0.588413,
        "nauc_mrr_at_100_max": 0.240345,
        "nauc_mrr_at_100_std": 0.004403,
        "nauc_mrr_at_100_diff1": 0.589071,
        "nauc_mrr_at_1000_max": 0.240085,
        "nauc_mrr_at_1000_std": 0.00435,
        "nauc_mrr_at_1000_diff1": 0.589412,
        "main_score": 0.66512,
        "hf_subset": "default",
        "languages": [
          "kor-Hang"
        ]
      }
    ]
  },
  "evaluation_time": 2.3294436931610107,
  "kg_co2_emissions": null
}