{
  "dataset_revision": "75b399394a9803252cfec289d103de462763db7c",
  "task_name": "BelebeleRetrieval",
  "mteb_version": "1.38.39",
  "scores": {
    "test": [
      {
        "ndcg_at_1": 0.57333,
        "ndcg_at_3": 0.64492,
        "ndcg_at_5": 0.66237,
        "ndcg_at_10": 0.67905,
        "ndcg_at_20": 0.68961,
        "ndcg_at_100": 0.71134,
        "ndcg_at_1000": 0.71821,
        "map_at_1": 0.57333,
        "map_at_3": 0.62741,
        "map_at_5": 0.63713,
        "map_at_10": 0.6439,
        "map_at_20": 0.64688,
        "map_at_100": 0.64991,
        "map_at_1000": 0.6502,
        "recall_at_1": 0.57333,
        "recall_at_3": 0.69556,
        "recall_at_5": 0.73778,
        "recall_at_10": 0.79,
        "recall_at_20": 0.83111,
        "recall_at_100": 0.94778,
        "recall_at_1000": 1.0,
        "precision_at_1": 0.57333,
        "precision_at_3": 0.23185,
        "precision_at_5": 0.14756,
        "precision_at_10": 0.079,
        "precision_at_20": 0.04156,
        "precision_at_100": 0.00948,
        "precision_at_1000": 0.001,
        "mrr_at_1": 0.573333,
        "mrr_at_3": 0.627407,
        "mrr_at_5": 0.63713,
        "mrr_at_10": 0.643895,
        "mrr_at_20": 0.646883,
        "mrr_at_100": 0.649912,
        "mrr_at_1000": 0.650199,
        "nauc_ndcg_at_1_max": 0.629895,
        "nauc_ndcg_at_1_std": 0.1785,
        "nauc_ndcg_at_1_diff1": 0.813368,
        "nauc_ndcg_at_3_max": 0.611095,
        "nauc_ndcg_at_3_std": 0.191571,
        "nauc_ndcg_at_3_diff1": 0.762807,
        "nauc_ndcg_at_5_max": 0.613961,
        "nauc_ndcg_at_5_std": 0.20166,
        "nauc_ndcg_at_5_diff1": 0.759058,
        "nauc_ndcg_at_10_max": 0.612459,
        "nauc_ndcg_at_10_std": 0.2077,
        "nauc_ndcg_at_10_diff1": 0.750411,
        "nauc_ndcg_at_20_max": 0.6149,
        "nauc_ndcg_at_20_std": 0.21524,
        "nauc_ndcg_at_20_diff1": 0.754058,
        "nauc_ndcg_at_100_max": 0.612685,
        "nauc_ndcg_at_100_std": 0.207926,
        "nauc_ndcg_at_100_diff1": 0.76028,
        "nauc_ndcg_at_1000_max": 0.614998,
        "nauc_ndcg_at_1000_std": 0.204582,
        "nauc_ndcg_at_1000_diff1": 0.764096,
        "nauc_map_at_1_max": 0.629895,
        "nauc_map_at_1_std": 0.1785,
        "nauc_map_at_1_diff1": 0.813368,
        "nauc_map_at_3_max": 0.61602,
        "nauc_map_at_3_std": 0.190014,
        "nauc_map_at_3_diff1": 0.775599,
        "nauc_map_at_5_max": 0.61752,
        "nauc_map_at_5_std": 0.195319,
        "nauc_map_at_5_diff1": 0.773905,
        "nauc_map_at_10_max": 0.616894,
        "nauc_map_at_10_std": 0.196889,
        "nauc_map_at_10_diff1": 0.771093,
        "nauc_map_at_20_max": 0.617586,
        "nauc_map_at_20_std": 0.199033,
        "nauc_map_at_20_diff1": 0.772226,
        "nauc_map_at_100_max": 0.617149,
        "nauc_map_at_100_std": 0.197998,
        "nauc_map_at_100_diff1": 0.772906,
        "nauc_map_at_1000_max": 0.617288,
        "nauc_map_at_1000_std": 0.197979,
        "nauc_map_at_1000_diff1": 0.773044,
        "nauc_recall_at_1_max": 0.629895,
        "nauc_recall_at_1_std": 0.1785,
        "nauc_recall_at_1_diff1": 0.813368,
        "nauc_recall_at_3_max": 0.594984,
        "nauc_recall_at_3_std": 0.195785,
        "nauc_recall_at_3_diff1": 0.721179,
        "nauc_recall_at_5_max": 0.601845,
        "nauc_recall_at_5_std": 0.225313,
        "nauc_recall_at_5_diff1": 0.705124,
        "nauc_recall_at_10_max": 0.594208,
        "nauc_recall_at_10_std": 0.260183,
        "nauc_recall_at_10_diff1": 0.656639,
        "nauc_recall_at_20_max": 0.605031,
        "nauc_recall_at_20_std": 0.31409,
        "nauc_recall_at_20_diff1": 0.658816,
        "nauc_recall_at_100_max": 0.548364,
        "nauc_recall_at_100_std": 0.343038,
        "nauc_recall_at_100_diff1": 0.632179,
        "nauc_recall_at_1000_max": NaN,
        "nauc_recall_at_1000_std": NaN,
        "nauc_recall_at_1000_diff1": NaN,
        "nauc_precision_at_1_max": 0.629895,
        "nauc_precision_at_1_std": 0.1785,
        "nauc_precision_at_1_diff1": 0.813368,
        "nauc_precision_at_3_max": 0.594984,
        "nauc_precision_at_3_std": 0.195785,
        "nauc_precision_at_3_diff1": 0.721179,
        "nauc_precision_at_5_max": 0.601845,
        "nauc_precision_at_5_std": 0.225313,
        "nauc_precision_at_5_diff1": 0.705124,
        "nauc_precision_at_10_max": 0.594208,
        "nauc_precision_at_10_std": 0.260183,
        "nauc_precision_at_10_diff1": 0.656639,
        "nauc_precision_at_20_max": 0.605031,
        "nauc_precision_at_20_std": 0.31409,
        "nauc_precision_at_20_diff1": 0.658816,
        "nauc_precision_at_100_max": 0.548364,
        "nauc_precision_at_100_std": 0.343038,
        "nauc_precision_at_100_diff1": 0.632179,
        "nauc_precision_at_1000_max": NaN,
        "nauc_precision_at_1000_std": NaN,
        "nauc_precision_at_1000_diff1": NaN,
        "nauc_mrr_at_1_max": 0.629895,
        "nauc_mrr_at_1_std": 0.1785,
        "nauc_mrr_at_1_diff1": 0.813368,
        "nauc_mrr_at_3_max": 0.61602,
        "nauc_mrr_at_3_std": 0.190014,
        "nauc_mrr_at_3_diff1": 0.775599,
        "nauc_mrr_at_5_max": 0.61752,
        "nauc_mrr_at_5_std": 0.195319,
        "nauc_mrr_at_5_diff1": 0.773905,
        "nauc_mrr_at_10_max": 0.616894,
        "nauc_mrr_at_10_std": 0.196889,
        "nauc_mrr_at_10_diff1": 0.771093,
        "nauc_mrr_at_20_max": 0.617586,
        "nauc_mrr_at_20_std": 0.199033,
        "nauc_mrr_at_20_diff1": 0.772226,
        "nauc_mrr_at_100_max": 0.617149,
        "nauc_mrr_at_100_std": 0.197998,
        "nauc_mrr_at_100_diff1": 0.772906,
        "nauc_mrr_at_1000_max": 0.617288,
        "nauc_mrr_at_1000_std": 0.197979,
        "nauc_mrr_at_1000_diff1": 0.773044,
        "main_score": 0.67905,
        "hf_subset": "kor_Hang-kor_Hang",
        "languages": [
          "kor-Hang",
          "kor-Hang"
        ]
      },
      {
        "ndcg_at_1": 0.21222,
        "ndcg_at_3": 0.26838,
        "ndcg_at_5": 0.28899,
        "ndcg_at_10": 0.32162,
        "ndcg_at_20": 0.3475,
        "ndcg_at_100": 0.38854,
        "ndcg_at_1000": 0.41711,
        "map_at_1": 0.21222,
        "map_at_3": 0.25407,
        "map_at_5": 0.26552,
        "map_at_10": 0.27915,
        "map_at_20": 0.28643,
        "map_at_100": 0.29202,
        "map_at_1000": 0.29322,
        "recall_at_1": 0.21222,
        "recall_at_3": 0.31,
        "recall_at_5": 0.36,
        "recall_at_10": 0.46,
        "recall_at_20": 0.56111,
        "recall_at_100": 0.78333,
        "recall_at_1000": 1.0,
        "precision_at_1": 0.21222,
        "precision_at_3": 0.10333,
        "precision_at_5": 0.072,
        "precision_at_10": 0.046,
        "precision_at_20": 0.02806,
        "precision_at_100": 0.00783,
        "precision_at_1000": 0.001,
        "mrr_at_1": 0.212222,
        "mrr_at_3": 0.254074,
        "mrr_at_5": 0.265519,
        "mrr_at_10": 0.279148,
        "mrr_at_20": 0.286426,
        "mrr_at_100": 0.292023,
        "mrr_at_1000": 0.293222,
        "nauc_ndcg_at_1_max": 0.247878,
        "nauc_ndcg_at_1_std": 0.10659,
        "nauc_ndcg_at_1_diff1": 0.456785,
        "nauc_ndcg_at_3_max": 0.263493,
        "nauc_ndcg_at_3_std": 0.132405,
        "nauc_ndcg_at_3_diff1": 0.416808,
        "nauc_ndcg_at_5_max": 0.247721,
        "nauc_ndcg_at_5_std": 0.129341,
        "nauc_ndcg_at_5_diff1": 0.400487,
        "nauc_ndcg_at_10_max": 0.237684,
        "nauc_ndcg_at_10_std": 0.126531,
        "nauc_ndcg_at_10_diff1": 0.384404,
        "nauc_ndcg_at_20_max": 0.247542,
        "nauc_ndcg_at_20_std": 0.138826,
        "nauc_ndcg_at_20_diff1": 0.373293,
        "nauc_ndcg_at_100_max": 0.244631,
        "nauc_ndcg_at_100_std": 0.140291,
        "nauc_ndcg_at_100_diff1": 0.369095,
        "nauc_ndcg_at_1000_max": 0.247028,
        "nauc_ndcg_at_1000_std": 0.131794,
        "nauc_ndcg_at_1000_diff1": 0.388119,
        "nauc_map_at_1_max": 0.247878,
        "nauc_map_at_1_std": 0.10659,
        "nauc_map_at_1_diff1": 0.456785,