{
  "dataset_revision": "d243889a3eb6654029dbd7e7f9319ae31d58f97c",
  "task_name": "Ko-StrategyQA",
  "mteb_version": "1.38.39",
  "scores": {
    "dev": [
      {
        "ndcg_at_1": 0.31926,
        "ndcg_at_3": 0.32245,
        "ndcg_at_5": 0.34898,
        "ndcg_at_10": 0.37019,
        "ndcg_at_20": 0.38351,
        "ndcg_at_100": 0.41836,
        "ndcg_at_1000": 0.44835,
        "map_at_1": 0.19144,
        "map_at_3": 0.27756,
        "map_at_5": 0.2949,
        "map_at_10": 0.30664,
        "map_at_20": 0.31067,
        "map_at_100": 0.31653,
        "map_at_1000": 0.31785,
        "recall_at_1": 0.19144,
        "recall_at_3": 0.34155,
        "recall_at_5": 0.39712,
        "recall_at_10": 0.45061,
        "recall_at_20": 0.49422,
        "recall_at_100": 0.65446,
        "recall_at_1000": 0.85687,
        "precision_at_1": 0.31926,
        "precision_at_3": 0.19707,
        "precision_at_5": 0.13919,
        "precision_at_10": 0.08108,
        "precision_at_20": 0.04493,
        "precision_at_100": 0.01193,
        "precision_at_1000": 0.0016,
        "mrr_at_1": 0.319257,
        "mrr_at_3": 0.392455,
        "mrr_at_5": 0.406306,
        "mrr_at_10": 0.411108,
        "mrr_at_20": 0.414825,
        "mrr_at_100": 0.418533,
        "mrr_at_1000": 0.419081,
        "nauc_ndcg_at_1_max": 0.429468,
        "nauc_ndcg_at_1_std": 0.189455,
        "nauc_ndcg_at_1_diff1": 0.520895,
        "nauc_ndcg_at_3_max": 0.405363,
        "nauc_ndcg_at_3_std": 0.280904,
        "nauc_ndcg_at_3_diff1": 0.459306,
        "nauc_ndcg_at_5_max": 0.428712,
        "nauc_ndcg_at_5_std": 0.286308,
        "nauc_ndcg_at_5_diff1": 0.456788,
        "nauc_ndcg_at_10_max": 0.437841,
        "nauc_ndcg_at_10_std": 0.291897,
        "nauc_ndcg_at_10_diff1": 0.446957,
        "nauc_ndcg_at_20_max": 0.444434,
        "nauc_ndcg_at_20_std": 0.297436,
        "nauc_ndcg_at_20_diff1": 0.447994,
        "nauc_ndcg_at_100_max": 0.46302,
        "nauc_ndcg_at_100_std": 0.32278,
        "nauc_ndcg_at_100_diff1": 0.448469,
        "nauc_ndcg_at_1000_max": 0.459651,
        "nauc_ndcg_at_1000_std": 0.320687,
        "nauc_ndcg_at_1000_diff1": 0.451972,
        "nauc_map_at_1_max": 0.306003,
        "nauc_map_at_1_std": 0.148329,
        "nauc_map_at_1_diff1": 0.47724,
        "nauc_map_at_3_max": 0.375765,
        "nauc_map_at_3_std": 0.259695,
        "nauc_map_at_3_diff1": 0.453808,
        "nauc_map_at_5_max": 0.394875,
        "nauc_map_at_5_std": 0.266762,
        "nauc_map_at_5_diff1": 0.455547,
        "nauc_map_at_10_max": 0.40413,
        "nauc_map_at_10_std": 0.271541,
        "nauc_map_at_10_diff1": 0.450854,
        "nauc_map_at_20_max": 0.407429,
        "nauc_map_at_20_std": 0.274311,
        "nauc_map_at_20_diff1": 0.451876,
        "nauc_map_at_100_max": 0.411645,
        "nauc_map_at_100_std": 0.2785,
        "nauc_map_at_100_diff1": 0.453033,
        "nauc_map_at_1000_max": 0.411631,
        "nauc_map_at_1000_std": 0.278569,
        "nauc_map_at_1000_diff1": 0.453075,
        "nauc_recall_at_1_max": 0.306003,
        "nauc_recall_at_1_std": 0.148329,
        "nauc_recall_at_1_diff1": 0.47724,
        "nauc_recall_at_3_max": 0.355144,
        "nauc_recall_at_3_std": 0.298368,
        "nauc_recall_at_3_diff1": 0.396337,
        "nauc_recall_at_5_max": 0.393464,
        "nauc_recall_at_5_std": 0.310771,
        "nauc_recall_at_5_diff1": 0.373365,
        "nauc_recall_at_10_max": 0.408075,
        "nauc_recall_at_10_std": 0.317836,
        "nauc_recall_at_10_diff1": 0.348029,
        "nauc_recall_at_20_max": 0.41708,
        "nauc_recall_at_20_std": 0.327552,
        "nauc_recall_at_20_diff1": 0.342088,
        "nauc_recall_at_100_max": 0.482234,
        "nauc_recall_at_100_std": 0.459415,
        "nauc_recall_at_100_diff1": 0.299606,
        "nauc_recall_at_1000_max": 0.508235,
        "nauc_recall_at_1000_std": 0.625886,
        "nauc_recall_at_1000_diff1": 0.291478,
        "nauc_precision_at_1_max": 0.429468,
        "nauc_precision_at_1_std": 0.189455,
        "nauc_precision_at_1_diff1": 0.520895,
        "nauc_precision_at_3_max": 0.493865,
        "nauc_precision_at_3_std": 0.35515,
        "nauc_precision_at_3_diff1": 0.408999,
        "nauc_precision_at_5_max": 0.517479,
        "nauc_precision_at_5_std": 0.346578,
        "nauc_precision_at_5_diff1": 0.393671,
        "nauc_precision_at_10_max": 0.495961,
        "nauc_precision_at_10_std": 0.329682,
        "nauc_precision_at_10_diff1": 0.337645,
        "nauc_precision_at_20_max": 0.503138,
        "nauc_precision_at_20_std": 0.340687,
        "nauc_precision_at_20_diff1": 0.323127,
        "nauc_precision_at_100_max": 0.498437,
        "nauc_precision_at_100_std": 0.373588,
        "nauc_precision_at_100_diff1": 0.248434,
        "nauc_precision_at_1000_max": 0.356385,
        "nauc_precision_at_1000_std": 0.253128,
        "nauc_precision_at_1000_diff1": 0.137712,
        "nauc_mrr_at_1_max": 0.429468,
        "nauc_mrr_at_1_std": 0.189455,
        "nauc_mrr_at_1_diff1": 0.520895,
        "nauc_mrr_at_3_max": 0.465981,
        "nauc_mrr_at_3_std": 0.25849,
        "nauc_mrr_at_3_diff1": 0.505246,
        "nauc_mrr_at_5_max": 0.474245,
        "nauc_mrr_at_5_std": 0.25663,
        "nauc_mrr_at_5_diff1": 0.498181,
        "nauc_mrr_at_10_max": 0.471652,
        "nauc_mrr_at_10_std": 0.257754,
        "nauc_mrr_at_10_diff1": 0.495603,
        "nauc_mrr_at_20_max": 0.472249,
        "nauc_mrr_at_20_std": 0.257899,
        "nauc_mrr_at_20_diff1": 0.495502,
        "nauc_mrr_at_100_max": 0.472932,
        "nauc_mrr_at_100_std": 0.259273,
        "nauc_mrr_at_100_diff1": 0.495331,
        "nauc_mrr_at_1000_max": 0.472716,
        "nauc_mrr_at_1000_std": 0.259077,
        "nauc_mrr_at_1000_diff1": 0.495253,
        "main_score": 0.37019,
        "hf_subset": "default",
        "languages": [
          "kor-Hang"
        ]
      }
    ]
  },
  "evaluation_time": 12.127700805664062,
  "kg_co2_emissions": null
}