{
  "dataset_revision": "main",
  "task_name": "MIRACLRetrieval",
  "mteb_version": "1.38.39",
  "scores": {
    "dev": [
      {
        "ndcg_at_1": 0.19249,
        "ndcg_at_3": 0.21482,
        "ndcg_at_5": 0.22576,
        "ndcg_at_10": 0.2524,
        "ndcg_at_20": 0.28042,
        "ndcg_at_100": 0.32118,
        "ndcg_at_1000": 0.35111,
        "map_at_1": 0.15039,
        "map_at_3": 0.18945,
        "map_at_5": 0.19779,
        "map_at_10": 0.20881,
        "map_at_20": 0.21712,
        "map_at_100": 0.22402,
        "map_at_1000": 0.22576,
        "recall_at_1": 0.15039,
        "recall_at_3": 0.22829,
        "recall_at_5": 0.25301,
        "recall_at_10": 0.32577,
        "recall_at_20": 0.4102,
        "recall_at_100": 0.57703,
        "recall_at_1000": 0.75023,
        "precision_at_1": 0.19249,
        "precision_at_3": 0.10798,
        "precision_at_5": 0.08263,
        "precision_at_10": 0.05634,
        "precision_at_20": 0.04014,
        "precision_at_100": 0.0131,
        "precision_at_1000": 0.00186,
        "mrr_at_1": 0.192488,
        "mrr_at_3": 0.233959,
        "mrr_at_5": 0.245931,
        "mrr_at_10": 0.263119,
        "mrr_at_20": 0.271556,
        "mrr_at_100": 0.274902,
        "mrr_at_1000": 0.275549,
        "nauc_ndcg_at_1_max": 0.382716,
        "nauc_ndcg_at_1_std": 0.051077,
        "nauc_ndcg_at_1_diff1": 0.615783,
        "nauc_ndcg_at_3_max": 0.3782,
        "nauc_ndcg_at_3_std": 0.033773,
        "nauc_ndcg_at_3_diff1": 0.560704,
        "nauc_ndcg_at_5_max": 0.380445,
        "nauc_ndcg_at_5_std": 0.044598,
        "nauc_ndcg_at_5_diff1": 0.551382,
        "nauc_ndcg_at_10_max": 0.394675,
        "nauc_ndcg_at_10_std": 0.071153,
        "nauc_ndcg_at_10_diff1": 0.543093,
        "nauc_ndcg_at_20_max": 0.417855,
        "nauc_ndcg_at_20_std": 0.113405,
        "nauc_ndcg_at_20_diff1": 0.540455,
        "nauc_ndcg_at_100_max": 0.434014,
        "nauc_ndcg_at_100_std": 0.151491,
        "nauc_ndcg_at_100_diff1": 0.546006,
        "nauc_ndcg_at_1000_max": 0.434542,
        "nauc_ndcg_at_1000_std": 0.15689,
        "nauc_ndcg_at_1000_diff1": 0.540688,
        "nauc_map_at_1_max": 0.407703,
        "nauc_map_at_1_std": -0.034463,
        "nauc_map_at_1_diff1": 0.694122,
        "nauc_map_at_3_max": 0.411403,
        "nauc_map_at_3_std": 0.023991,
        "nauc_map_at_3_diff1": 0.612437,
        "nauc_map_at_5_max": 0.400399,
        "nauc_map_at_5_std": 0.029684,
        "nauc_map_at_5_diff1": 0.595112,
        "nauc_map_at_10_max": 0.405642,
        "nauc_map_at_10_std": 0.039827,
        "nauc_map_at_10_diff1": 0.593074,
        "nauc_map_at_20_max": 0.415218,
        "nauc_map_at_20_std": 0.055521,
        "nauc_map_at_20_diff1": 0.593563,
        "nauc_map_at_100_max": 0.420003,
        "nauc_map_at_100_std": 0.065249,
        "nauc_map_at_100_diff1": 0.594109,
        "nauc_map_at_1000_max": 0.420273,
        "nauc_map_at_1000_std": 0.066249,
        "nauc_map_at_1000_diff1": 0.593524,
        "nauc_recall_at_1_max": 0.407703,
        "nauc_recall_at_1_std": -0.034463,
        "nauc_recall_at_1_diff1": 0.694122,
        "nauc_recall_at_3_max": 0.368659,
        "nauc_recall_at_3_std": 0.02874,
        "nauc_recall_at_3_diff1": 0.49976,
        "nauc_recall_at_5_max": 0.351593,
        "nauc_recall_at_5_std": 0.041216,
        "nauc_recall_at_5_diff1": 0.472129,
        "nauc_recall_at_10_max": 0.372663,
        "nauc_recall_at_10_std": 0.095543,
        "nauc_recall_at_10_diff1": 0.449033,
        "nauc_recall_at_20_max": 0.415798,
        "nauc_recall_at_20_std": 0.201658,
        "nauc_recall_at_20_diff1": 0.435613,
        "nauc_recall_at_100_max": 0.460551,
        "nauc_recall_at_100_std": 0.322459,
        "nauc_recall_at_100_diff1": 0.460158,
        "nauc_recall_at_1000_max": 0.49655,
        "nauc_recall_at_1000_std": 0.3899,
        "nauc_recall_at_1000_diff1": 0.439881,
        "nauc_precision_at_1_max": 0.382716,
        "nauc_precision_at_1_std": 0.051077,
        "nauc_precision_at_1_diff1": 0.615783,
        "nauc_precision_at_3_max": 0.342934,
        "nauc_precision_at_3_std": 0.135848,
        "nauc_precision_at_3_diff1": 0.438532,
        "nauc_precision_at_5_max": 0.314341,
        "nauc_precision_at_5_std": 0.175926,
        "nauc_precision_at_5_diff1": 0.365178,
        "nauc_precision_at_10_max": 0.354349,
        "nauc_precision_at_10_std": 0.292567,
        "nauc_precision_at_10_diff1": 0.303928,
        "nauc_precision_at_20_max": 0.346256,
        "nauc_precision_at_20_std": 0.372914,
        "nauc_precision_at_20_diff1": 0.18123,
        "nauc_precision_at_100_max": 0.264191,
        "nauc_precision_at_100_std": 0.414504,
        "nauc_precision_at_100_diff1": 0.037301,
        "nauc_precision_at_1000_max": 0.120722,
        "nauc_precision_at_1000_std": 0.346573,
        "nauc_precision_at_1000_diff1": -0.099489,
        "nauc_mrr_at_1_max": 0.382716,
        "nauc_mrr_at_1_std": 0.051077,
        "nauc_mrr_at_1_diff1": 0.615783,
        "nauc_mrr_at_3_max": 0.344996,
        "nauc_mrr_at_3_std": 0.047073,
        "nauc_mrr_at_3_diff1": 0.540359,
        "nauc_mrr_at_5_max": 0.354127,
        "nauc_mrr_at_5_std": 0.06337,
        "nauc_mrr_at_5_diff1": 0.533082,
        "nauc_mrr_at_10_max": 0.362803,
        "nauc_mrr_at_10_std": 0.080274,
        "nauc_mrr_at_10_diff1": 0.525409,
        "nauc_mrr_at_20_max": 0.369593,
        "nauc_mrr_at_20_std": 0.090539,
        "nauc_mrr_at_20_diff1": 0.52539,
        "nauc_mrr_at_100_max": 0.368573,
        "nauc_mrr_at_100_std": 0.089991,
        "nauc_mrr_at_100_diff1": 0.527998,
        "nauc_mrr_at_1000_max": 0.368862,
        "nauc_mrr_at_1000_std": 0.089345,
        "nauc_mrr_at_1000_diff1": 0.528333,
        "main_score": 0.2524,
        "hf_subset": "ko",
        "languages": [
          "kor-Kore"
        ]
      }
    ]
  },
  "evaluation_time": 1007.2858092784882,
  "kg_co2_emissions": null
}