{
  "dataset_revision": "fc24a3ce8f09746410daee3d5cd823ff7a0675b7",
  "task_name": "MrTidyRetrieval",
  "mteb_version": "1.38.39",
  "scores": {
    "test": [
      {
        "ndcg_at_1": 0.15914,
        "ndcg_at_3": 0.19841,
        "ndcg_at_5": 0.21791,
        "ndcg_at_10": 0.23687,
        "ndcg_at_20": 0.24837,
        "ndcg_at_100": 0.2699,
        "ndcg_at_1000": 0.29272,
        "map_at_1": 0.14964,
        "map_at_3": 0.18448,
        "map_at_5": 0.1947,
        "map_at_10": 0.20259,
        "map_at_20": 0.20595,
        "map_at_100": 0.2088,
        "map_at_1000": 0.20963,
        "recall_at_1": 0.14964,
        "recall_at_3": 0.22763,
        "recall_at_5": 0.27395,
        "recall_at_10": 0.33215,
        "recall_at_20": 0.37609,
        "recall_at_100": 0.49169,
        "recall_at_1000": 0.66508,
        "precision_at_1": 0.15914,
        "precision_at_3": 0.08076,
        "precision_at_5": 0.05938,
        "precision_at_10": 0.0361,
        "precision_at_20": 0.02043,
        "precision_at_100": 0.00544,
        "precision_at_1000": 0.00077,
        "mrr_at_1": 0.159145,
        "mrr_at_3": 0.196358,
        "mrr_at_5": 0.208353,
        "mrr_at_10": 0.215733,
        "mrr_at_20": 0.218827,
        "mrr_at_100": 0.221462,
        "mrr_at_1000": 0.222242,
        "nauc_ndcg_at_1_max": 0.431593,
        "nauc_ndcg_at_1_std": 0.164083,
        "nauc_ndcg_at_1_diff1": 0.554371,
        "nauc_ndcg_at_3_max": 0.401008,
        "nauc_ndcg_at_3_std": 0.153159,
        "nauc_ndcg_at_3_diff1": 0.465857,
        "nauc_ndcg_at_5_max": 0.384462,
        "nauc_ndcg_at_5_std": 0.136206,
        "nauc_ndcg_at_5_diff1": 0.420912,
        "nauc_ndcg_at_10_max": 0.382466,
        "nauc_ndcg_at_10_std": 0.16304,
        "nauc_ndcg_at_10_diff1": 0.424097,
        "nauc_ndcg_at_20_max": 0.381173,
        "nauc_ndcg_at_20_std": 0.17473,
        "nauc_ndcg_at_20_diff1": 0.42027,
        "nauc_ndcg_at_100_max": 0.380035,
        "nauc_ndcg_at_100_std": 0.192594,
        "nauc_ndcg_at_100_diff1": 0.403899,
        "nauc_ndcg_at_1000_max": 0.391667,
        "nauc_ndcg_at_1000_std": 0.210977,
        "nauc_ndcg_at_1000_diff1": 0.401206,
        "nauc_map_at_1_max": 0.435733,
        "nauc_map_at_1_std": 0.148039,
        "nauc_map_at_1_diff1": 0.556701,
        "nauc_map_at_3_max": 0.407344,
        "nauc_map_at_3_std": 0.149098,
        "nauc_map_at_3_diff1": 0.485315,
        "nauc_map_at_5_max": 0.39795,
        "nauc_map_at_5_std": 0.13918,
        "nauc_map_at_5_diff1": 0.459562,
        "nauc_map_at_10_max": 0.39582,
        "nauc_map_at_10_std": 0.150494,
        "nauc_map_at_10_diff1": 0.459654,
        "nauc_map_at_20_max": 0.395923,
        "nauc_map_at_20_std": 0.154489,
        "nauc_map_at_20_diff1": 0.458531,
        "nauc_map_at_100_max": 0.396351,
        "nauc_map_at_100_std": 0.157206,
        "nauc_map_at_100_diff1": 0.456266,
        "nauc_map_at_1000_max": 0.396985,
        "nauc_map_at_1000_std": 0.157992,
        "nauc_map_at_1000_diff1": 0.456402,
        "nauc_recall_at_1_max": 0.435733,
        "nauc_recall_at_1_std": 0.148039,
        "nauc_recall_at_1_diff1": 0.556701,
        "nauc_recall_at_3_max": 0.376059,
        "nauc_recall_at_3_std": 0.140774,
        "nauc_recall_at_3_diff1": 0.414528,
        "nauc_recall_at_5_max": 0.341454,
        "nauc_recall_at_5_std": 0.103976,
        "nauc_recall_at_5_diff1": 0.325439,
        "nauc_recall_at_10_max": 0.336004,
        "nauc_recall_at_10_std": 0.173347,
        "nauc_recall_at_10_diff1": 0.334937,
        "nauc_recall_at_20_max": 0.333726,
        "nauc_recall_at_20_std": 0.209154,
        "nauc_recall_at_20_diff1": 0.325086,
        "nauc_recall_at_100_max": 0.323602,
        "nauc_recall_at_100_std": 0.291058,
        "nauc_recall_at_100_diff1": 0.249046,
        "nauc_recall_at_1000_max": 0.385096,
        "nauc_recall_at_1000_std": 0.452354,
        "nauc_recall_at_1000_diff1": 0.186349,
        "nauc_precision_at_1_max": 0.431593,
        "nauc_precision_at_1_std": 0.164083,
        "nauc_precision_at_1_diff1": 0.554371,
        "nauc_precision_at_3_max": 0.388978,
        "nauc_precision_at_3_std": 0.170675,
        "nauc_precision_at_3_diff1": 0.414445,
        "nauc_precision_at_5_max": 0.354412,
        "nauc_precision_at_5_std": 0.136813,
        "nauc_precision_at_5_diff1": 0.317337,
        "nauc_precision_at_10_max": 0.345953,
        "nauc_precision_at_10_std": 0.201681,
        "nauc_precision_at_10_diff1": 0.326708,
        "nauc_precision_at_20_max": 0.346756,
        "nauc_precision_at_20_std": 0.246641,
        "nauc_precision_at_20_diff1": 0.317521,
        "nauc_precision_at_100_max": 0.326837,
        "nauc_precision_at_100_std": 0.320725,
        "nauc_precision_at_100_diff1": 0.237953,
        "nauc_precision_at_1000_max": 0.338808,
        "nauc_precision_at_1000_std": 0.407702,
        "nauc_precision_at_1000_diff1": 0.129256,
        "nauc_mrr_at_1_max": 0.431593,
        "nauc_mrr_at_1_std": 0.164083,
        "nauc_mrr_at_1_diff1": 0.554371,
        "nauc_mrr_at_3_max": 0.409703,
        "nauc_mrr_at_3_std": 0.172282,
        "nauc_mrr_at_3_diff1": 0.480118,
        "nauc_mrr_at_5_max": 0.400872,
        "nauc_mrr_at_5_std": 0.16373,
        "nauc_mrr_at_5_diff1": 0.4524,
        "nauc_mrr_at_10_max": 0.400726,
        "nauc_mrr_at_10_std": 0.175606,
        "nauc_mrr_at_10_diff1": 0.454391,
        "nauc_mrr_at_20_max": 0.398898,
        "nauc_mrr_at_20_std": 0.177892,
        "nauc_mrr_at_20_diff1": 0.453126,
        "nauc_mrr_at_100_max": 0.398815,
        "nauc_mrr_at_100_std": 0.179885,
        "nauc_mrr_at_100_diff1": 0.451103,
        "nauc_mrr_at_1000_max": 0.39933,
        "nauc_mrr_at_1000_std": 0.180422,
        "nauc_mrr_at_1000_diff1": 0.45093,
        "main_score": 0.23687,
        "hf_subset": "korean",
        "languages": [
          "kor-Kore"
        ]
      }
    ]
  },
  "evaluation_time": 1021.9462668895721,
  "kg_co2_emissions": null
}