{
  "dataset_revision": "main",
  "task_name": "PublicHealthQA",
  "mteb_version": "1.38.39",
  "scores": {
    "test": [
      {
        "ndcg_at_1": 0.38961,
        "ndcg_at_3": 0.46954,
        "ndcg_at_5": 0.52822,
        "ndcg_at_10": 0.54127,
        "ndcg_at_20": 0.5772,
        "ndcg_at_100": 0.60481,
        "ndcg_at_1000": 0.60481,
        "map_at_1": 0.38961,
        "map_at_3": 0.44805,
        "map_at_5": 0.48052,
        "map_at_10": 0.48616,
        "map_at_20": 0.49594,
        "map_at_100": 0.50011,
        "map_at_1000": 0.50011,
        "recall_at_1": 0.38961,
        "recall_at_3": 0.53247,
        "recall_at_5": 0.67532,
        "recall_at_10": 0.71429,
        "recall_at_20": 0.85714,
        "recall_at_100": 1.0,
        "recall_at_1000": 1.0,
        "precision_at_1": 0.38961,
        "precision_at_3": 0.17749,
        "precision_at_5": 0.13506,
        "precision_at_10": 0.07143,
        "precision_at_20": 0.04286,
        "precision_at_100": 0.01,
        "precision_at_1000": 0.001,
        "mrr_at_1": 0.38961,
        "mrr_at_3": 0.448052,
        "mrr_at_5": 0.480519,
        "mrr_at_10": 0.486163,
        "mrr_at_20": 0.495937,
        "mrr_at_100": 0.500112,
        "mrr_at_1000": 0.500112,
        "nauc_ndcg_at_1_max": 0.388651,
        "nauc_ndcg_at_1_std": 0.115727,
        "nauc_ndcg_at_1_diff1": 0.531785,
        "nauc_ndcg_at_3_max": 0.38023,
        "nauc_ndcg_at_3_std": 0.131849,
        "nauc_ndcg_at_3_diff1": 0.485534,
        "nauc_ndcg_at_5_max": 0.33185,
        "nauc_ndcg_at_5_std": 0.205808,
        "nauc_ndcg_at_5_diff1": 0.443789,
        "nauc_ndcg_at_10_max": 0.323684,
        "nauc_ndcg_at_10_std": 0.22488,
        "nauc_ndcg_at_10_diff1": 0.427115,
        "nauc_ndcg_at_20_max": 0.32046,
        "nauc_ndcg_at_20_std": 0.201957,
        "nauc_ndcg_at_20_diff1": 0.457408,
        "nauc_ndcg_at_100_max": 0.351495,
        "nauc_ndcg_at_100_std": 0.179578,
        "nauc_ndcg_at_100_diff1": 0.466266,
        "nauc_ndcg_at_1000_max": 0.351495,
        "nauc_ndcg_at_1000_std": 0.179578,
        "nauc_ndcg_at_1000_diff1": 0.466266,
        "nauc_map_at_1_max": 0.388651,
        "nauc_map_at_1_std": 0.115727,
        "nauc_map_at_1_diff1": 0.531785,
        "nauc_map_at_3_max": 0.383688,
        "nauc_map_at_3_std": 0.129962,
        "nauc_map_at_3_diff1": 0.49804,
        "nauc_map_at_5_max": 0.35837,
        "nauc_map_at_5_std": 0.168292,
        "nauc_map_at_5_diff1": 0.476809,
        "nauc_map_at_10_max": 0.355792,
        "nauc_map_at_10_std": 0.17568,
        "nauc_map_at_10_diff1": 0.470261,
        "nauc_map_at_20_max": 0.356428,
        "nauc_map_at_20_std": 0.169234,
        "nauc_map_at_20_diff1": 0.47741,
        "nauc_map_at_100_max": 0.360979,
        "nauc_map_at_100_std": 0.16604,
        "nauc_map_at_100_diff1": 0.478433,
        "nauc_map_at_1000_max": 0.360979,
        "nauc_map_at_1000_std": 0.16604,
        "nauc_map_at_1000_diff1": 0.478433,
        "nauc_recall_at_1_max": 0.388651,
        "nauc_recall_at_1_std": 0.115727,
        "nauc_recall_at_1_diff1": 0.531785,
        "nauc_recall_at_3_max": 0.369282,
        "nauc_recall_at_3_std": 0.136608,
        "nauc_recall_at_3_diff1": 0.44761,
        "nauc_recall_at_5_max": 0.227297,
        "nauc_recall_at_5_std": 0.353421,
        "nauc_recall_at_5_diff1": 0.317145,
        "nauc_recall_at_10_max": 0.183382,
        "nauc_recall_at_10_std": 0.439256,
        "nauc_recall_at_10_diff1": 0.243007,
        "nauc_recall_at_20_max": 0.030663,
        "nauc_recall_at_20_std": 0.418825,
        "nauc_recall_at_20_diff1": 0.363462,
        "nauc_recall_at_100_max": NaN,
        "nauc_recall_at_100_std": NaN,
        "nauc_recall_at_100_diff1": NaN,
        "nauc_recall_at_1000_max": NaN,
        "nauc_recall_at_1000_std": NaN,
        "nauc_recall_at_1000_diff1": NaN,
        "nauc_precision_at_1_max": 0.388651,
        "nauc_precision_at_1_std": 0.115727,
        "nauc_precision_at_1_diff1": 0.531785,
        "nauc_precision_at_3_max": 0.369282,
        "nauc_precision_at_3_std": 0.136608,
        "nauc_precision_at_3_diff1": 0.44761,
        "nauc_precision_at_5_max": 0.227297,
        "nauc_precision_at_5_std": 0.353421,
        "nauc_precision_at_5_diff1": 0.317145,
        "nauc_precision_at_10_max": 0.183382,
        "nauc_precision_at_10_std": 0.439256,
        "nauc_precision_at_10_diff1": 0.243007,
        "nauc_precision_at_20_max": 0.030663,
        "nauc_precision_at_20_std": 0.418825,
        "nauc_precision_at_20_diff1": 0.363462,
        "nauc_precision_at_100_max": 1.0,
        "nauc_precision_at_100_std": 1.0,
        "nauc_precision_at_100_diff1": 1.0,
        "nauc_precision_at_1000_max": NaN,
        "nauc_precision_at_1000_std": NaN,
        "nauc_precision_at_1000_diff1": NaN,
        "nauc_mrr_at_1_max": 0.388651,
        "nauc_mrr_at_1_std": 0.115727,
        "nauc_mrr_at_1_diff1": 0.531785,
        "nauc_mrr_at_3_max": 0.383688,
        "nauc_mrr_at_3_std": 0.129962,
        "nauc_mrr_at_3_diff1": 0.49804,
        "nauc_mrr_at_5_max": 0.35837,
        "nauc_mrr_at_5_std": 0.168292,
        "nauc_mrr_at_5_diff1": 0.476809,
        "nauc_mrr_at_10_max": 0.355792,
        "nauc_mrr_at_10_std": 0.17568,
        "nauc_mrr_at_10_diff1": 0.470261,
        "nauc_mrr_at_20_max": 0.356428,
        "nauc_mrr_at_20_std": 0.169234,
        "nauc_mrr_at_20_diff1": 0.47741,
        "nauc_mrr_at_100_max": 0.360979,
        "nauc_mrr_at_100_std": 0.16604,
        "nauc_mrr_at_100_diff1": 0.478433,
        "nauc_mrr_at_1000_max": 0.360979,
        "nauc_mrr_at_1000_std": 0.16604,
        "nauc_mrr_at_1000_diff1": 0.478433,
        "main_score": 0.54127,
        "hf_subset": "korean",
        "languages": [
          "kor-Hang"
        ]
      }
    ]
  },
  "evaluation_time": 0.34842920303344727,
  "kg_co2_emissions": null
}