{
  "dataset_revision": "c99d599f0a6ab9b85b065da6f9d94f9cf731679f",
  "task_name": "XPQARetrieval",
  "mteb_version": "1.38.39",
  "scores": {
    "test": [
      {
        "ndcg_at_1": 0.21407,
        "ndcg_at_3": 0.2243,
        "ndcg_at_5": 0.2398,
        "ndcg_at_10": 0.26451,
        "ndcg_at_20": 0.2843,
        "ndcg_at_100": 0.33267,
        "ndcg_at_1000": 0.38035,
        "map_at_1": 0.14722,
        "map_at_3": 0.19847,
        "map_at_5": 0.21031,
        "map_at_10": 0.22166,
        "map_at_20": 0.22771,
        "map_at_100": 0.23502,
        "map_at_1000": 0.23703,
        "recall_at_1": 0.14722,
        "recall_at_3": 0.23721,
        "recall_at_5": 0.27813,
        "recall_at_10": 0.34666,
        "recall_at_20": 0.4157,
        "recall_at_100": 0.65298,
        "recall_at_1000": 1.0,
        "precision_at_1": 0.21407,
        "precision_at_3": 0.12487,
        "precision_at_5": 0.08777,
        "precision_at_10": 0.05443,
        "precision_at_20": 0.03257,
        "precision_at_100": 0.01038,
        "precision_at_1000": 0.00156,
        "mrr_at_1": 0.211009,
        "mrr_at_3": 0.25051,
        "mrr_at_5": 0.259302,
        "mrr_at_10": 0.269301,
        "mrr_at_20": 0.274923,
        "mrr_at_100": 0.280204,
        "mrr_at_1000": 0.281401,
        "nauc_ndcg_at_1_max": 0.225027,
        "nauc_ndcg_at_1_std": -0.161108,
        "nauc_ndcg_at_1_diff1": 0.467535,
        "nauc_ndcg_at_3_max": 0.230905,
        "nauc_ndcg_at_3_std": -0.143349,
        "nauc_ndcg_at_3_diff1": 0.427146,
        "nauc_ndcg_at_5_max": 0.22389,
        "nauc_ndcg_at_5_std": -0.146444,
        "nauc_ndcg_at_5_diff1": 0.416631,
        "nauc_ndcg_at_10_max": 0.219563,
        "nauc_ndcg_at_10_std": -0.130327,
        "nauc_ndcg_at_10_diff1": 0.390759,
        "nauc_ndcg_at_20_max": 0.226067,
        "nauc_ndcg_at_20_std": -0.122156,
        "nauc_ndcg_at_20_diff1": 0.381673,
        "nauc_ndcg_at_100_max": 0.236997,
        "nauc_ndcg_at_100_std": -0.083142,
        "nauc_ndcg_at_100_diff1": 0.368209,
        "nauc_ndcg_at_1000_max": 0.23306,
        "nauc_ndcg_at_1000_std": -0.108748,
        "nauc_ndcg_at_1000_diff1": 0.390843,
        "nauc_map_at_1_max": 0.199438,
        "nauc_map_at_1_std": -0.172238,
        "nauc_map_at_1_diff1": 0.446224,
        "nauc_map_at_3_max": 0.233817,
        "nauc_map_at_3_std": -0.158122,
        "nauc_map_at_3_diff1": 0.437561,
        "nauc_map_at_5_max": 0.230352,
        "nauc_map_at_5_std": -0.160221,
        "nauc_map_at_5_diff1": 0.432383,
        "nauc_map_at_10_max": 0.230287,
        "nauc_map_at_10_std": -0.151759,
        "nauc_map_at_10_diff1": 0.42031,
        "nauc_map_at_20_max": 0.231641,
        "nauc_map_at_20_std": -0.149884,
        "nauc_map_at_20_diff1": 0.417586,
        "nauc_map_at_100_max": 0.233508,
        "nauc_map_at_100_std": -0.143864,
        "nauc_map_at_100_diff1": 0.414513,
        "nauc_map_at_1000_max": 0.23337,
        "nauc_map_at_1000_std": -0.144105,
        "nauc_map_at_1000_diff1": 0.415152,
        "nauc_recall_at_1_max": 0.199438,
        "nauc_recall_at_1_std": -0.172238,
        "nauc_recall_at_1_diff1": 0.446224,
        "nauc_recall_at_3_max": 0.225916,
        "nauc_recall_at_3_std": -0.114695,
        "nauc_recall_at_3_diff1": 0.393259,
        "nauc_recall_at_5_max": 0.202601,
        "nauc_recall_at_5_std": -0.127188,
        "nauc_recall_at_5_diff1": 0.36485,
        "nauc_recall_at_10_max": 0.187372,
        "nauc_recall_at_10_std": -0.087602,
        "nauc_recall_at_10_diff1": 0.295543,
        "nauc_recall_at_20_max": 0.209615,
        "nauc_recall_at_20_std": -0.060733,
        "nauc_recall_at_20_diff1": 0.268013,
        "nauc_recall_at_100_max": 0.249299,
        "nauc_recall_at_100_std": 0.14255,
        "nauc_recall_at_100_diff1": 0.178597,
        "nauc_recall_at_1000_max": NaN,
        "nauc_recall_at_1000_std": NaN,
        "nauc_recall_at_1000_diff1": NaN,
        "nauc_precision_at_1_max": 0.225027,
        "nauc_precision_at_1_std": -0.161108,
        "nauc_precision_at_1_diff1": 0.467535,
        "nauc_precision_at_3_max": 0.244563,
        "nauc_precision_at_3_std": -0.110049,
        "nauc_precision_at_3_diff1": 0.383245,
        "nauc_precision_at_5_max": 0.224789,
        "nauc_precision_at_5_std": -0.118113,
        "nauc_precision_at_5_diff1": 0.360387,
        "nauc_precision_at_10_max": 0.206678,
        "nauc_precision_at_10_std": -0.08289,
        "nauc_precision_at_10_diff1": 0.294563,
        "nauc_precision_at_20_max": 0.208535,
        "nauc_precision_at_20_std": -0.063803,
        "nauc_precision_at_20_diff1": 0.262744,
        "nauc_precision_at_100_max": 0.201095,
        "nauc_precision_at_100_std": 0.08504,
        "nauc_precision_at_100_diff1": 0.146395,
        "nauc_precision_at_1000_max": 0.088685,
        "nauc_precision_at_1000_std": 0.051851,
        "nauc_precision_at_1000_diff1": 0.081774,
        "nauc_mrr_at_1_max": 0.225276,
        "nauc_mrr_at_1_std": -0.16433,
        "nauc_mrr_at_1_diff1": 0.480616,
        "nauc_mrr_at_3_max": 0.226026,
        "nauc_mrr_at_3_std": -0.130366,
        "nauc_mrr_at_3_diff1": 0.435641,
        "nauc_mrr_at_5_max": 0.218606,
        "nauc_mrr_at_5_std": -0.136712,
        "nauc_mrr_at_5_diff1": 0.42893,
        "nauc_mrr_at_10_max": 0.215478,
        "nauc_mrr_at_10_std": -0.129757,
        "nauc_mrr_at_10_diff1": 0.419459,
        "nauc_mrr_at_20_max": 0.218344,
        "nauc_mrr_at_20_std": -0.126817,
        "nauc_mrr_at_20_diff1": 0.41685,
        "nauc_mrr_at_100_max": 0.21985,
        "nauc_mrr_at_100_std": -0.122415,
        "nauc_mrr_at_100_diff1": 0.415943,
        "nauc_mrr_at_1000_max": 0.219861,
        "nauc_mrr_at_1000_std": -0.123181,
        "nauc_mrr_at_1000_diff1": 0.4167,
        "main_score": 0.26451,
        "hf_subset": "kor-kor",
        "languages": [
          "kor-Hang",
          "kor-Hang"
        ]
      },
      {
        "ndcg_at_1": 0.11009,
        "ndcg_at_3": 0.1116,
        "ndcg_at_5": 0.12081,
        "ndcg_at_10": 0.14355,
        "ndcg_at_20": 0.16575,
        "ndcg_at_100": 0.21124,
        "ndcg_at_1000": 0.2812,
        "map_at_1": 0.06152,
        "map_at_3": 0.08908,
        "map_at_5": 0.09818,
        "map_at_10": 0.10788,
        "map_at_20": 0.11443,
        "map_at_100": 0.12116,
        "map_at_1000": 0.12406,
        "recall_at_1": 0.06152,
        "recall_at_3": 0.11279,
        "recall_at_5": 0.14429,
        "recall_at_10": 0.20517,
        "recall_at_20": 0.28056,
        "recall_at_100": 0.48807,
        "recall_at_1000": 0.97217,
        "precision_at_1": 0.11009,
        "precision_at_3": 0.07034,
        "precision_at_5": 0.05382,
        "precision_at_10": 0.03746,
        "precision_at_20": 0.02554,
        "precision_at_100": 0.00954,
        "precision_at_1000": 0.00191,
        "mrr_at_1": 0.110092,
        "mrr_at_3": 0.135321,
        "mrr_at_5": 0.143043,
        "mrr_at_10": 0.154288,
        "mrr_at_20": 0.160882,
        "mrr_at_100": 0.166125,
        "mrr_at_1000": 0.167605,
        "nauc_ndcg_at_1_max": 0.248951,
        "nauc_ndcg_at_1_std": -0.036295,
        "nauc_ndcg_at_1_diff1": 0.367168,
        "nauc_ndcg_at_3_max": 0.197606,
        "nauc_ndcg_at_3_std": -0.048546,
        "nauc_ndcg_at_3_diff1": 0.286812,
        "nauc_ndcg_at_5_max": 0.162913,
        "nauc_ndcg_at_5_std": -0.041093,
        "nauc_ndcg_at_5_diff1": 0.250809,
        "nauc_ndcg_at_10_max": 0.15177,
        "nauc_ndcg_at_10_std": -0.029342,
        "nauc_ndcg_at_10_diff1": 0.24091,
        "nauc_ndcg_at_20_max": 0.133156,
        "nauc_ndcg_at_20_std": -0.023107,
        "nauc_ndcg_at_20_diff1": 0.221763,
        "nauc_ndcg_at_100_max": 0.153862,
        "nauc_ndcg_at_100_std": 0.025966,
        "nauc_ndcg_at_100_diff1": 0.209102,
        "nauc_ndcg_at_1000_max": 0.173275,
        "nauc_ndcg_at_1000_std": 0.007096,
        "nauc_ndcg_at_1000_diff1": 0.238032,
        "nauc_map_at_1_max": 0.221995,