{
  "dataset_revision": "fd7df84ac089bbec763b1c6bb1b56e985df5cc5c",
  "task_name": "AutoRAGRetrieval",
  "mteb_version": "1.38.39",
  "scores": {
    "test": [
      {
        "ndcg_at_1": 0.07018,
        "ndcg_at_3": 0.13523,
        "ndcg_at_5": 0.15374,
        "ndcg_at_10": 0.16748,
        "ndcg_at_20": 0.18453,
        "ndcg_at_100": 0.25256,
        "ndcg_at_1000": 0.28838,
        "map_at_1": 0.07018,
        "map_at_3": 0.11842,
        "map_at_5": 0.12895,
        "map_at_10": 0.13434,
        "map_at_20": 0.13866,
        "map_at_100": 0.14729,
        "map_at_1000": 0.14865,
        "recall_at_1": 0.07018,
        "recall_at_3": 0.18421,
        "recall_at_5": 0.22807,
        "recall_at_10": 0.27193,
        "recall_at_20": 0.34211,
        "recall_at_100": 0.7193,
        "recall_at_1000": 1.0,
        "precision_at_1": 0.07018,
        "precision_at_3": 0.0614,
        "precision_at_5": 0.04561,
        "precision_at_10": 0.02719,
        "precision_at_20": 0.01711,
        "precision_at_100": 0.00719,
        "precision_at_1000": 0.001,
        "mrr_at_1": 0.070175,
        "mrr_at_3": 0.118421,
        "mrr_at_5": 0.128947,
        "mrr_at_10": 0.134343,
        "mrr_at_20": 0.138665,
        "mrr_at_100": 0.147294,
        "mrr_at_1000": 0.148645,
        "nauc_ndcg_at_1_max": 0.566395,
        "nauc_ndcg_at_1_std": 0.037554,
        "nauc_ndcg_at_1_diff1": -0.22651,
        "nauc_ndcg_at_3_max": 0.607982,
        "nauc_ndcg_at_3_std": -0.0228,
        "nauc_ndcg_at_3_diff1": -0.353761,
        "nauc_ndcg_at_5_max": 0.623401,
        "nauc_ndcg_at_5_std": -0.011064,
        "nauc_ndcg_at_5_diff1": -0.378302,
        "nauc_ndcg_at_10_max": 0.649841,
        "nauc_ndcg_at_10_std": -0.014385,
        "nauc_ndcg_at_10_diff1": -0.412176,
        "nauc_ndcg_at_20_max": 0.61598,
        "nauc_ndcg_at_20_std": -0.055037,
        "nauc_ndcg_at_20_diff1": -0.442197,
        "nauc_ndcg_at_100_max": 0.59041,
        "nauc_ndcg_at_100_std": -0.076585,
        "nauc_ndcg_at_100_diff1": -0.407222,
        "nauc_ndcg_at_1000_max": 0.59991,
        "nauc_ndcg_at_1000_std": -0.033003,
        "nauc_ndcg_at_1000_diff1": -0.395599,
        "nauc_map_at_1_max": 0.566395,
        "nauc_map_at_1_std": 0.037554,
        "nauc_map_at_1_diff1": -0.22651,
        "nauc_map_at_3_max": 0.597048,
        "nauc_map_at_3_std": -0.011509,
        "nauc_map_at_3_diff1": -0.333457,
        "nauc_map_at_5_max": 0.606185,
        "nauc_map_at_5_std": -0.004421,
        "nauc_map_at_5_diff1": -0.350033,
        "nauc_map_at_10_max": 0.617624,
        "nauc_map_at_10_std": -0.006625,
        "nauc_map_at_10_diff1": -0.365961,
        "nauc_map_at_20_max": 0.608833,
        "nauc_map_at_20_std": -0.018157,
        "nauc_map_at_20_diff1": -0.375323,
        "nauc_map_at_100_max": 0.602392,
        "nauc_map_at_100_std": -0.018823,
        "nauc_map_at_100_diff1": -0.370062,
        "nauc_map_at_1000_max": 0.602556,
        "nauc_map_at_1000_std": -0.01641,
        "nauc_map_at_1000_diff1": -0.369289,
        "nauc_recall_at_1_max": 0.566395,
        "nauc_recall_at_1_std": 0.037554,
        "nauc_recall_at_1_diff1": -0.22651,
        "nauc_recall_at_3_max": 0.631014,
        "nauc_recall_at_3_std": -0.04579,
        "nauc_recall_at_3_diff1": -0.394255,
        "nauc_recall_at_5_max": 0.658664,
        "nauc_recall_at_5_std": -0.022717,
        "nauc_recall_at_5_diff1": -0.43277,
        "nauc_recall_at_10_max": 0.717957,
        "nauc_recall_at_10_std": -0.027372,
        "nauc_recall_at_10_diff1": -0.504238,
        "nauc_recall_at_20_max": 0.615136,
        "nauc_recall_at_20_std": -0.142048,
        "nauc_recall_at_20_diff1": -0.581436,
        "nauc_recall_at_100_max": 0.521751,
        "nauc_recall_at_100_std": -0.311371,
        "nauc_recall_at_100_diff1": -0.464542,
        "nauc_recall_at_1000_max": NaN,
        "nauc_recall_at_1000_std": NaN,
        "nauc_recall_at_1000_diff1": NaN,
        "nauc_precision_at_1_max": 0.566395,
        "nauc_precision_at_1_std": 0.037554,
        "nauc_precision_at_1_diff1": -0.22651,
        "nauc_precision_at_3_max": 0.631014,
        "nauc_precision_at_3_std": -0.04579,
        "nauc_precision_at_3_diff1": -0.394255,
        "nauc_precision_at_5_max": 0.658664,
        "nauc_precision_at_5_std": -0.022717,
        "nauc_precision_at_5_diff1": -0.43277,
        "nauc_precision_at_10_max": 0.717957,
        "nauc_precision_at_10_std": -0.027372,
        "nauc_precision_at_10_diff1": -0.504238,
        "nauc_precision_at_20_max": 0.615136,
        "nauc_precision_at_20_std": -0.142048,
        "nauc_precision_at_20_diff1": -0.581436,
        "nauc_precision_at_100_max": 0.521751,
        "nauc_precision_at_100_std": -0.311371,
        "nauc_precision_at_100_diff1": -0.464542,
        "nauc_precision_at_1000_max": 1.0,
        "nauc_precision_at_1000_std": 1.0,
        "nauc_precision_at_1000_diff1": 1.0,
        "nauc_mrr_at_1_max": 0.566395,
        "nauc_mrr_at_1_std": 0.037554,
        "nauc_mrr_at_1_diff1": -0.22651,
        "nauc_mrr_at_3_max": 0.597048,
        "nauc_mrr_at_3_std": -0.011509,
        "nauc_mrr_at_3_diff1": -0.333457,
        "nauc_mrr_at_5_max": 0.606185,
        "nauc_mrr_at_5_std": -0.004421,
        "nauc_mrr_at_5_diff1": -0.350033,
        "nauc_mrr_at_10_max": 0.617624,
        "nauc_mrr_at_10_std": -0.006625,
        "nauc_mrr_at_10_diff1": -0.365961,
        "nauc_mrr_at_20_max": 0.608833,
        "nauc_mrr_at_20_std": -0.018157,
        "nauc_mrr_at_20_diff1": -0.375323,
        "nauc_mrr_at_100_max": 0.602392,
        "nauc_mrr_at_100_std": -0.018823,
        "nauc_mrr_at_100_diff1": -0.370062,
        "nauc_mrr_at_1000_max": 0.602556,
        "nauc_mrr_at_1000_std": -0.01641,
        "nauc_mrr_at_1000_diff1": -0.369289,
        "main_score": 0.16748,
        "hf_subset": "default",
        "languages": [
          "kor-Hang"
        ]
      }
    ]
  },
  "evaluation_time": 1.7892868518829346,
  "kg_co2_emissions": null
}