{
  "dataset_revision": "75b399394a9803252cfec289d103de462763db7c",
  "task_name": "BelebeleRetrieval",
  "mteb_version": "1.38.39",
  "scores": {
    "test": [
      {
        "ndcg_at_1": 0.04222,
        "ndcg_at_3": 0.0566,
        "ndcg_at_5": 0.06669,
        "ndcg_at_10": 0.08226,
        "ndcg_at_20": 0.09367,
        "ndcg_at_100": 0.13648,
        "ndcg_at_1000": 0.21015,
        "map_at_1": 0.04222,
        "map_at_3": 0.05278,
        "map_at_5": 0.05839,
        "map_at_10": 0.06488,
        "map_at_20": 0.06796,
        "map_at_100": 0.07314,
        "map_at_1000": 0.07594,
        "recall_at_1": 0.04222,
        "recall_at_3": 0.06778,
        "recall_at_5": 0.09222,
        "recall_at_10": 0.14,
        "recall_at_20": 0.18556,
        "recall_at_100": 0.42778,
        "recall_at_1000": 1.0,
        "precision_at_1": 0.04222,
        "precision_at_3": 0.02259,
        "precision_at_5": 0.01844,
        "precision_at_10": 0.014,
        "precision_at_20": 0.00928,
        "precision_at_100": 0.00428,
        "precision_at_1000": 0.001,
        "mrr_at_1": 0.042222,
        "mrr_at_3": 0.052778,
        "mrr_at_5": 0.058389,
        "mrr_at_10": 0.06488,
        "mrr_at_20": 0.067959,
        "mrr_at_100": 0.073145,
        "mrr_at_1000": 0.075941,
        "nauc_ndcg_at_1_max": 0.533179,
        "nauc_ndcg_at_1_std": 0.034817,
        "nauc_ndcg_at_1_diff1": 0.274893,
        "nauc_ndcg_at_3_max": 0.488863,
        "nauc_ndcg_at_3_std": 0.065655,
        "nauc_ndcg_at_3_diff1": 0.167392,
        "nauc_ndcg_at_5_max": 0.472164,
        "nauc_ndcg_at_5_std": 0.074065,
        "nauc_ndcg_at_5_diff1": 0.121672,
        "nauc_ndcg_at_10_max": 0.447243,
        "nauc_ndcg_at_10_std": 0.109559,
        "nauc_ndcg_at_10_diff1": 0.10746,
        "nauc_ndcg_at_20_max": 0.427605,
        "nauc_ndcg_at_20_std": 0.121834,
        "nauc_ndcg_at_20_diff1": 0.071835,
        "nauc_ndcg_at_100_max": 0.391916,
        "nauc_ndcg_at_100_std": 0.105944,
        "nauc_ndcg_at_100_diff1": 0.050194,
        "nauc_ndcg_at_1000_max": 0.429433,
        "nauc_ndcg_at_1000_std": 0.09974,
        "nauc_ndcg_at_1000_diff1": 0.085633,
        "nauc_map_at_1_max": 0.533179,
        "nauc_map_at_1_std": 0.034817,
        "nauc_map_at_1_diff1": 0.274893,
        "nauc_map_at_3_max": 0.500942,
        "nauc_map_at_3_std": 0.057991,
        "nauc_map_at_3_diff1": 0.188883,
        "nauc_map_at_5_max": 0.488534,
        "nauc_map_at_5_std": 0.064099,
        "nauc_map_at_5_diff1": 0.157585,
        "nauc_map_at_10_max": 0.473498,
        "nauc_map_at_10_std": 0.084081,
        "nauc_map_at_10_diff1": 0.147669,
        "nauc_map_at_20_max": 0.465805,
        "nauc_map_at_20_std": 0.088841,
        "nauc_map_at_20_diff1": 0.13389,
        "nauc_map_at_100_max": 0.457371,
        "nauc_map_at_100_std": 0.087302,
        "nauc_map_at_100_diff1": 0.12834,
        "nauc_map_at_1000_max": 0.459884,
        "nauc_map_at_1000_std": 0.086417,
        "nauc_map_at_1000_diff1": 0.129919,
        "nauc_recall_at_1_max": 0.533179,
        "nauc_recall_at_1_std": 0.034817,
        "nauc_recall_at_1_diff1": 0.274893,
        "nauc_recall_at_3_max": 0.460587,
        "nauc_recall_at_3_std": 0.083428,
        "nauc_recall_at_3_diff1": 0.118858,
        "nauc_recall_at_5_max": 0.440501,
        "nauc_recall_at_5_std": 0.093376,
        "nauc_recall_at_5_diff1": 0.052124,
        "nauc_recall_at_10_max": 0.404394,
        "nauc_recall_at_10_std": 0.15271,
        "nauc_recall_at_10_diff1": 0.043767,
        "nauc_recall_at_20_max": 0.369509,
        "nauc_recall_at_20_std": 0.172318,
        "nauc_recall_at_20_diff1": -0.02182,
        "nauc_recall_at_100_max": 0.297044,
        "nauc_recall_at_100_std": 0.116216,
        "nauc_recall_at_100_diff1": -0.053246,
        "nauc_recall_at_1000_max": NaN,
        "nauc_recall_at_1000_std": NaN,
        "nauc_recall_at_1000_diff1": NaN,
        "nauc_precision_at_1_max": 0.533179,
        "nauc_precision_at_1_std": 0.034817,
        "nauc_precision_at_1_diff1": 0.274893,
        "nauc_precision_at_3_max": 0.460587,
        "nauc_precision_at_3_std": 0.083428,
        "nauc_precision_at_3_diff1": 0.118858,
        "nauc_precision_at_5_max": 0.440501,
        "nauc_precision_at_5_std": 0.093376,
        "nauc_precision_at_5_diff1": 0.052124,
        "nauc_precision_at_10_max": 0.404394,
        "nauc_precision_at_10_std": 0.15271,
        "nauc_precision_at_10_diff1": 0.043767,
        "nauc_precision_at_20_max": 0.369509,
        "nauc_precision_at_20_std": 0.172318,
        "nauc_precision_at_20_diff1": -0.02182,
        "nauc_precision_at_100_max": 0.297044,
        "nauc_precision_at_100_std": 0.116216,
        "nauc_precision_at_100_diff1": -0.053246,
        "nauc_precision_at_1000_max": NaN,
        "nauc_precision_at_1000_std": NaN,
        "nauc_precision_at_1000_diff1": NaN,
        "nauc_mrr_at_1_max": 0.533179,
        "nauc_mrr_at_1_std": 0.034817,
        "nauc_mrr_at_1_diff1": 0.274893,
        "nauc_mrr_at_3_max": 0.500942,
        "nauc_mrr_at_3_std": 0.057991,
        "nauc_mrr_at_3_diff1": 0.188883,
        "nauc_mrr_at_5_max": 0.488534,
        "nauc_mrr_at_5_std": 0.064099,
        "nauc_mrr_at_5_diff1": 0.157585,
        "nauc_mrr_at_10_max": 0.473498,
        "nauc_mrr_at_10_std": 0.084081,
        "nauc_mrr_at_10_diff1": 0.147669,
        "nauc_mrr_at_20_max": 0.465805,
        "nauc_mrr_at_20_std": 0.088841,
        "nauc_mrr_at_20_diff1": 0.13389,
        "nauc_mrr_at_100_max": 0.457371,
        "nauc_mrr_at_100_std": 0.087302,
        "nauc_mrr_at_100_diff1": 0.12834,
        "nauc_mrr_at_1000_max": 0.459884,
        "nauc_mrr_at_1000_std": 0.086417,
        "nauc_mrr_at_1000_diff1": 0.129919,
        "main_score": 0.08226,
        "hf_subset": "kor_Hang-kor_Hang",
        "languages": [
          "kor-Hang",
          "kor-Hang"
        ]
      },
      {
        "ndcg_at_1": 0.01333,
        "ndcg_at_3": 0.02172,
        "ndcg_at_5": 0.0253,
        "ndcg_at_10": 0.03307,
        "ndcg_at_20": 0.04371,
        "ndcg_at_100": 0.07938,
        "ndcg_at_1000": 0.16703,
        "map_at_1": 0.01333,
        "map_at_3": 0.01963,
        "map_at_5": 0.02157,
        "map_at_10": 0.0249,
        "map_at_20": 0.02766,
        "map_at_100": 0.03181,
        "map_at_1000": 0.03492,
        "recall_at_1": 0.01333,
        "recall_at_3": 0.02778,
        "recall_at_5": 0.03667,
        "recall_at_10": 0.06,
        "recall_at_20": 0.10333,
        "recall_at_100": 0.30778,
        "recall_at_1000": 1.0,
        "precision_at_1": 0.01333,
        "precision_at_3": 0.00926,
        "precision_at_5": 0.00733,
        "precision_at_10": 0.006,
        "precision_at_20": 0.00517,
        "precision_at_100": 0.00308,
        "precision_at_1000": 0.001,
        "mrr_at_1": 0.013333,
        "mrr_at_3": 0.01963,
        "mrr_at_5": 0.021574,
        "mrr_at_10": 0.024902,
        "mrr_at_20": 0.027662,
        "mrr_at_100": 0.031814,
        "mrr_at_1000": 0.03492,
        "nauc_ndcg_at_1_max": 0.538771,
        "nauc_ndcg_at_1_std": -0.19124,
        "nauc_ndcg_at_1_diff1": -0.029045,
        "nauc_ndcg_at_3_max": 0.521781,
        "nauc_ndcg_at_3_std": -0.125309,
        "nauc_ndcg_at_3_diff1": -0.084523,
        "nauc_ndcg_at_5_max": 0.457617,
        "nauc_ndcg_at_5_std": -0.09951,
        "nauc_ndcg_at_5_diff1": -0.050122,
        "nauc_ndcg_at_10_max": 0.357682,
        "nauc_ndcg_at_10_std": -0.070859,
        "nauc_ndcg_at_10_diff1": -0.027872,
        "nauc_ndcg_at_20_max": 0.318124,
        "nauc_ndcg_at_20_std": -0.040604,
        "nauc_ndcg_at_20_diff1": -0.00954,
        "nauc_ndcg_at_100_max": 0.256631,
        "nauc_ndcg_at_100_std": -0.033896,
        "nauc_ndcg_at_100_diff1": -0.018456,
        "nauc_ndcg_at_1000_max": 0.315835,
        "nauc_ndcg_at_1000_std": -0.05908,
        "nauc_ndcg_at_1000_diff1": -0.019181,
        "nauc_map_at_1_max": 0.538771,
        "nauc_map_at_1_std": -0.19124,