{
  "dataset_revision": "d243889a3eb6654029dbd7e7f9319ae31d58f97c",
  "task_name": "Ko-StrategyQA",
  "mteb_version": "1.38.39",
  "scores": {
    "dev": [
      {
        "ndcg_at_1": 0.00169,
        "ndcg_at_3": 0.00286,
        "ndcg_at_5": 0.00359,
        "ndcg_at_10": 0.00408,
        "ndcg_at_20": 0.00642,
        "ndcg_at_100": 0.01916,
        "ndcg_at_1000": 0.06196,
        "map_at_1": 0.00056,
        "map_at_3": 0.00267,
        "map_at_5": 0.0031,
        "map_at_10": 0.00327,
        "map_at_20": 0.00377,
        "map_at_100": 0.00509,
        "map_at_1000": 0.0063,
        "recall_at_1": 0.00056,
        "recall_at_3": 0.00338,
        "recall_at_5": 0.00507,
        "recall_at_10": 0.00676,
        "recall_at_20": 0.01492,
        "recall_at_100": 0.07635,
        "recall_at_1000": 0.38392,
        "precision_at_1": 0.00169,
        "precision_at_3": 0.00282,
        "precision_at_5": 0.00203,
        "precision_at_10": 0.00118,
        "precision_at_20": 0.00135,
        "precision_at_100": 0.00145,
        "precision_at_1000": 0.00073,
        "mrr_at_1": 0.001689,
        "mrr_at_3": 0.002534,
        "mrr_at_5": 0.002956,
        "mrr_at_10": 0.003125,
        "mrr_at_20": 0.004055,
        "mrr_at_100": 0.006083,
        "mrr_at_1000": 0.007257,
        "nauc_ndcg_at_1_max": 1.0,
        "nauc_ndcg_at_1_std": -0.573749,
        "nauc_ndcg_at_1_diff1": -0.573749,
        "nauc_ndcg_at_3_max": 0.355579,
        "nauc_ndcg_at_3_std": -0.573749,
        "nauc_ndcg_at_3_diff1": -0.469005,
        "nauc_ndcg_at_5_max": 0.269211,
        "nauc_ndcg_at_5_std": -0.573749,
        "nauc_ndcg_at_5_diff1": -0.438378,
        "nauc_ndcg_at_10_max": 0.248728,
        "nauc_ndcg_at_10_std": -0.573749,
        "nauc_ndcg_at_10_diff1": -0.423953,
        "nauc_ndcg_at_20_max": 0.109031,
        "nauc_ndcg_at_20_std": -0.511426,
        "nauc_ndcg_at_20_diff1": -0.402122,
        "nauc_ndcg_at_100_max": 0.006284,
        "nauc_ndcg_at_100_std": -0.302282,
        "nauc_ndcg_at_100_diff1": -0.22801,
        "nauc_ndcg_at_1000_max": 0.011593,
        "nauc_ndcg_at_1000_std": -0.253866,
        "nauc_ndcg_at_1000_diff1": -0.190409,
        "nauc_map_at_1_max": 1.0,
        "nauc_map_at_1_std": -0.573749,
        "nauc_map_at_1_diff1": -0.573749,
        "nauc_map_at_3_max": 0.420198,
        "nauc_map_at_3_std": -0.573749,
        "nauc_map_at_3_diff1": -0.479508,
        "nauc_map_at_5_max": 0.353299,
        "nauc_map_at_5_std": -0.573749,
        "nauc_map_at_5_diff1": -0.457478,
        "nauc_map_at_10_max": 0.340106,
        "nauc_map_at_10_std": -0.573749,
        "nauc_map_at_10_diff1": -0.450261,
        "nauc_map_at_20_max": 0.269832,
        "nauc_map_at_20_std": -0.553206,
        "nauc_map_at_20_diff1": -0.439807,
        "nauc_map_at_100_max": 0.186813,
        "nauc_map_at_100_std": -0.465587,
        "nauc_map_at_100_diff1": -0.374066,
        "nauc_map_at_1000_max": 0.162906,
        "nauc_map_at_1000_std": -0.438781,
        "nauc_map_at_1000_diff1": -0.350163,
        "nauc_recall_at_1_max": 1.0,
        "nauc_recall_at_1_std": -0.573749,
        "nauc_recall_at_1_diff1": -0.573749,
        "nauc_recall_at_3_max": 0.213125,
        "nauc_recall_at_3_std": -0.573749,
        "nauc_recall_at_3_diff1": -0.445851,
        "nauc_recall_at_5_max": 0.11862,
        "nauc_recall_at_5_std": -0.573749,
        "nauc_recall_at_5_diff1": -0.403218,
        "nauc_recall_at_10_max": 0.11352,
        "nauc_recall_at_10_std": -0.573749,
        "nauc_recall_at_10_diff1": -0.381902,
        "nauc_recall_at_20_max": -0.030283,
        "nauc_recall_at_20_std": -0.49427,
        "nauc_recall_at_20_diff1": -0.383475,
        "nauc_recall_at_100_max": -0.050051,
        "nauc_recall_at_100_std": -0.260052,
        "nauc_recall_at_100_diff1": -0.181928,
        "nauc_recall_at_1000_max": -0.0127,
        "nauc_recall_at_1000_std": -0.209663,
        "nauc_recall_at_1000_diff1": -0.170288,
        "nauc_precision_at_1_max": 1.0,
        "nauc_precision_at_1_std": -0.573749,
        "nauc_precision_at_1_diff1": -0.573749,
        "nauc_precision_at_3_max": 0.3705,
        "nauc_precision_at_3_std": -0.573749,
        "nauc_precision_at_3_diff1": -0.471431,
        "nauc_precision_at_5_max": 0.297019,
        "nauc_precision_at_5_std": -0.573749,
        "nauc_precision_at_5_diff1": -0.445851,
        "nauc_precision_at_10_max": 0.268619,
        "nauc_precision_at_10_std": -0.573749,
        "nauc_precision_at_10_diff1": -0.42758,
        "nauc_precision_at_20_max": 0.077155,
        "nauc_precision_at_20_std": -0.453623,
        "nauc_precision_at_20_diff1": -0.374943,
        "nauc_precision_at_100_max": -0.000835,
        "nauc_precision_at_100_std": -0.229496,
        "nauc_precision_at_100_diff1": -0.17626,
        "nauc_precision_at_1000_max": 0.031791,
        "nauc_precision_at_1000_std": -0.176399,
        "nauc_precision_at_1000_diff1": -0.100971,
        "nauc_mrr_at_1_max": 1.0,
        "nauc_mrr_at_1_std": -0.573749,
        "nauc_mrr_at_1_diff1": -0.573749,
        "nauc_mrr_at_3_max": 0.475417,
        "nauc_mrr_at_3_std": -0.573749,
        "nauc_mrr_at_3_diff1": -0.488484,
        "nauc_mrr_at_5_max": 0.397445,
        "nauc_mrr_at_5_std": -0.573749,
        "nauc_mrr_at_5_diff1": -0.464122,
        "nauc_mrr_at_10_max": 0.38127,
        "nauc_mrr_at_10_std": -0.573749,
        "nauc_mrr_at_10_diff1": -0.456221,
        "nauc_mrr_at_20_max": 0.268096,
        "nauc_mrr_at_20_std": -0.521577,
        "nauc_mrr_at_20_diff1": -0.42525,
        "nauc_mrr_at_100_max": 0.164168,
        "nauc_mrr_at_100_std": -0.399539,
        "nauc_mrr_at_100_diff1": -0.320287,
        "nauc_mrr_at_1000_max": 0.14965,
        "nauc_mrr_at_1000_std": -0.387857,
        "nauc_mrr_at_1000_diff1": -0.308185,
        "main_score": 0.00408,
        "hf_subset": "default",
        "languages": [
          "kor-Hang"
        ]
      }
    ]
  },
  "evaluation_time": 13.089092254638672,
  "kg_co2_emissions": null
}