{
  "dataset_revision": "d67138e705d963e346253a80e59676ddb418810a",
  "task_name": "MultiLongDocRetrieval",
  "mteb_version": "1.38.39",
  "scores": {
    "dev": [
      {
        "ndcg_at_1": 0.025,
        "ndcg_at_3": 0.05393,
        "ndcg_at_5": 0.07221,
        "ndcg_at_10": 0.07711,
        "ndcg_at_20": 0.0859,
        "ndcg_at_100": 0.11589,
        "ndcg_at_1000": 0.15495,
        "map_at_1": 0.025,
        "map_at_3": 0.04667,
        "map_at_5": 0.05667,
        "map_at_10": 0.05871,
        "map_at_20": 0.06111,
        "map_at_100": 0.06499,
        "map_at_1000": 0.06609,
        "recall_at_1": 0.025,
        "recall_at_3": 0.075,
        "recall_at_5": 0.12,
        "recall_at_10": 0.135,
        "recall_at_20": 0.17,
        "recall_at_100": 0.335,
        "recall_at_1000": 0.665,
        "precision_at_1": 0.025,
        "precision_at_3": 0.025,
        "precision_at_5": 0.024,
        "precision_at_10": 0.0135,
        "precision_at_20": 0.0085,
        "precision_at_100": 0.00335,
        "precision_at_1000": 0.00067,
        "mrr_at_1": 0.025,
        "mrr_at_3": 0.046667,
        "mrr_at_5": 0.056667,
        "mrr_at_10": 0.058714,
        "mrr_at_20": 0.061105,
        "mrr_at_100": 0.064994,
        "mrr_at_1000": 0.066087,
        "nauc_ndcg_at_1_max": 0.752079,
        "nauc_ndcg_at_1_std": 0.583043,
        "nauc_ndcg_at_1_diff1": 0.154119,
        "nauc_ndcg_at_3_max": 0.565345,
        "nauc_ndcg_at_3_std": 0.541637,
        "nauc_ndcg_at_3_diff1": 0.218539,
        "nauc_ndcg_at_5_max": 0.491571,
        "nauc_ndcg_at_5_std": 0.454507,
        "nauc_ndcg_at_5_diff1": 0.108073,
        "nauc_ndcg_at_10_max": 0.480565,
        "nauc_ndcg_at_10_std": 0.449597,
        "nauc_ndcg_at_10_diff1": 0.079955,
        "nauc_ndcg_at_20_max": 0.49556,
        "nauc_ndcg_at_20_std": 0.490659,
        "nauc_ndcg_at_20_diff1": 0.079902,
        "nauc_ndcg_at_100_max": 0.540505,
        "nauc_ndcg_at_100_std": 0.542617,
        "nauc_ndcg_at_100_diff1": 0.063243,
        "nauc_ndcg_at_1000_max": 0.503818,
        "nauc_ndcg_at_1000_std": 0.496335,
        "nauc_ndcg_at_1000_diff1": 0.084685,
        "nauc_map_at_1_max": 0.752079,
        "nauc_map_at_1_std": 0.583043,
        "nauc_map_at_1_diff1": 0.154119,
        "nauc_map_at_3_max": 0.589051,
        "nauc_map_at_3_std": 0.542997,
        "nauc_map_at_3_diff1": 0.214511,
        "nauc_map_at_5_max": 0.534047,
        "nauc_map_at_5_std": 0.485709,
        "nauc_map_at_5_diff1": 0.141624,
        "nauc_map_at_10_max": 0.527863,
        "nauc_map_at_10_std": 0.484968,
        "nauc_map_at_10_diff1": 0.125877,
        "nauc_map_at_20_max": 0.531714,
        "nauc_map_at_20_std": 0.497103,
        "nauc_map_at_20_diff1": 0.126507,
        "nauc_map_at_100_max": 0.535939,
        "nauc_map_at_100_std": 0.506287,
        "nauc_map_at_100_diff1": 0.124033,
        "nauc_map_at_1000_max": 0.533821,
        "nauc_map_at_1000_std": 0.504122,
        "nauc_map_at_1000_diff1": 0.125006,
        "nauc_recall_at_1_max": 0.752079,
        "nauc_recall_at_1_std": 0.583043,
        "nauc_recall_at_1_diff1": 0.154119,
        "nauc_recall_at_3_max": 0.522887,
        "nauc_recall_at_3_std": 0.54022,
        "nauc_recall_at_3_diff1": 0.224667,
        "nauc_recall_at_5_max": 0.426713,
        "nauc_recall_at_5_std": 0.403078,
        "nauc_recall_at_5_diff1": 0.050457,
        "nauc_recall_at_10_max": 0.410254,
        "nauc_recall_at_10_std": 0.391846,
        "nauc_recall_at_10_diff1": 0.003682,
        "nauc_recall_at_20_max": 0.454308,
        "nauc_recall_at_20_std": 0.494646,
        "nauc_recall_at_20_diff1": 0.010094,
        "nauc_recall_at_100_max": 0.590767,
        "nauc_recall_at_100_std": 0.624249,
        "nauc_recall_at_100_diff1": -0.020951,
        "nauc_recall_at_1000_max": 0.454248,
        "nauc_recall_at_1000_std": 0.444795,
        "nauc_recall_at_1000_diff1": 0.050759,
        "nauc_precision_at_1_max": 0.752079,
        "nauc_precision_at_1_std": 0.583043,
        "nauc_precision_at_1_diff1": 0.154119,
        "nauc_precision_at_3_max": 0.522887,
        "nauc_precision_at_3_std": 0.54022,
        "nauc_precision_at_3_diff1": 0.224667,
        "nauc_precision_at_5_max": 0.426713,
        "nauc_precision_at_5_std": 0.403078,
        "nauc_precision_at_5_diff1": 0.050457,
        "nauc_precision_at_10_max": 0.410254,
        "nauc_precision_at_10_std": 0.391846,
        "nauc_precision_at_10_diff1": 0.003682,
        "nauc_precision_at_20_max": 0.454308,
        "nauc_precision_at_20_std": 0.494646,
        "nauc_precision_at_20_diff1": 0.010094,
        "nauc_precision_at_100_max": 0.590767,
        "nauc_precision_at_100_std": 0.624249,
        "nauc_precision_at_100_diff1": -0.020951,
        "nauc_precision_at_1000_max": 0.454248,
        "nauc_precision_at_1000_std": 0.444795,
        "nauc_precision_at_1000_diff1": 0.050759,
        "nauc_mrr_at_1_max": 0.752079,
        "nauc_mrr_at_1_std": 0.583043,
        "nauc_mrr_at_1_diff1": 0.154119,
        "nauc_mrr_at_3_max": 0.589051,
        "nauc_mrr_at_3_std": 0.542997,
        "nauc_mrr_at_3_diff1": 0.214511,
        "nauc_mrr_at_5_max": 0.534047,
        "nauc_mrr_at_5_std": 0.485709,
        "nauc_mrr_at_5_diff1": 0.141624,
        "nauc_mrr_at_10_max": 0.527863,
        "nauc_mrr_at_10_std": 0.484968,
        "nauc_mrr_at_10_diff1": 0.125877,
        "nauc_mrr_at_20_max": 0.531714,
        "nauc_mrr_at_20_std": 0.497103,
        "nauc_mrr_at_20_diff1": 0.126507,
        "nauc_mrr_at_100_max": 0.535939,
        "nauc_mrr_at_100_std": 0.506287,
        "nauc_mrr_at_100_diff1": 0.124033,
        "nauc_mrr_at_1000_max": 0.533821,
        "nauc_mrr_at_1000_std": 0.504122,
        "nauc_mrr_at_1000_diff1": 0.125006,
        "main_score": 0.07711,
        "hf_subset": "ko",
        "languages": [
          "kor-Hang"
        ]
      }
    ],
    "test": [
      {
        "ndcg_at_1": 0.045,
        "ndcg_at_3": 0.06762,
        "ndcg_at_5": 0.07751,
        "ndcg_at_10": 0.09215,
        "ndcg_at_20": 0.10591,
        "ndcg_at_100": 0.1294,
        "ndcg_at_1000": 0.16543,
        "map_at_1": 0.045,
        "map_at_3": 0.06167,
        "map_at_5": 0.06692,
        "map_at_10": 0.07301,
        "map_at_20": 0.07672,
        "map_at_100": 0.07974,
        "map_at_1000": 0.08082,
        "recall_at_1": 0.045,
        "recall_at_3": 0.085,
        "recall_at_5": 0.11,
        "recall_at_10": 0.155,
        "recall_at_20": 0.21,
        "recall_at_100": 0.34,
        "recall_at_1000": 0.64,
        "precision_at_1": 0.045,
        "precision_at_3": 0.02833,
        "precision_at_5": 0.022,
        "precision_at_10": 0.0155,
        "precision_at_20": 0.0105,
        "precision_at_100": 0.0034,
        "precision_at_1000": 0.00064,
        "mrr_at_1": 0.045,
        "mrr_at_3": 0.061667,
        "mrr_at_5": 0.066917,
        "mrr_at_10": 0.073012,
        "mrr_at_20": 0.076723,
        "mrr_at_100": 0.079735,
        "mrr_at_1000": 0.080821,
        "nauc_ndcg_at_1_max": 0.446561,
        "nauc_ndcg_at_1_std": 0.458367,
        "nauc_ndcg_at_1_diff1": 0.172674,
        "nauc_ndcg_at_3_max": 0.577129,
        "nauc_ndcg_at_3_std": 0.502353,
        "nauc_ndcg_at_3_diff1": 0.139896,
        "nauc_ndcg_at_5_max": 0.591289,
        "nauc_ndcg_at_5_std": 0.509661,
        "nauc_ndcg_at_5_diff1": 0.093313,
        "nauc_ndcg_at_10_max": 0.553814,
        "nauc_ndcg_at_10_std": 0.434964,
        "nauc_ndcg_at_10_diff1": 0.106044,
        "nauc_ndcg_at_20_max": 0.546762,
        "nauc_ndcg_at_20_std": 0.435156,
        "nauc_ndcg_at_20_diff1": 0.0788,
        "nauc_ndcg_at_100_max": 0.542787,
        "nauc_ndcg_at_100_std": 0.466926,
        "nauc_ndcg_at_100_diff1": 0.054547,
        "nauc_ndcg_at_1000_max": 0.536507,
        "nauc_ndcg_at_1000_std": 0.459112,
        "nauc_ndcg_at_1000_diff1": 0.099855,
        "nauc_map_at_1_max": 0.446561,
        "nauc_map_at_1_std": 0.458367,
        "nauc_map_at_1_diff1": 0.172674,