{
  "dataset_revision": "main",
  "task_name": "PublicHealthQA",
  "mteb_version": "1.38.39",
  "scores": {
    "test": [
      {
        "ndcg_at_1": 0.02597,
        "ndcg_at_3": 0.07993,
        "ndcg_at_5": 0.09614,
        "ndcg_at_10": 0.12004,
        "ndcg_at_20": 0.17481,
        "ndcg_at_100": 0.27915,
        "ndcg_at_1000": 0.27915,
        "map_at_1": 0.02597,
        "map_at_3": 0.0671,
        "map_at_5": 0.07619,
        "map_at_10": 0.08532,
        "map_at_20": 0.09981,
        "map_at_100": 0.11517,
        "map_at_1000": 0.11517,
        "recall_at_1": 0.02597,
        "recall_at_3": 0.11688,
        "recall_at_5": 0.15584,
        "recall_at_10": 0.23377,
        "recall_at_20": 0.45455,
        "recall_at_100": 1.0,
        "recall_at_1000": 1.0,
        "precision_at_1": 0.02597,
        "precision_at_3": 0.03896,
        "precision_at_5": 0.03117,
        "precision_at_10": 0.02338,
        "precision_at_20": 0.02273,
        "precision_at_100": 0.01,
        "precision_at_1000": 0.001,
        "mrr_at_1": 0.025974,
        "mrr_at_3": 0.0671,
        "mrr_at_5": 0.07619,
        "mrr_at_10": 0.085317,
        "mrr_at_20": 0.099814,
        "mrr_at_100": 0.11517,
        "mrr_at_1000": 0.11517,
        "nauc_ndcg_at_1_max": 0.233005,
        "nauc_ndcg_at_1_std": 0.291221,
        "nauc_ndcg_at_1_diff1": 0.249006,
        "nauc_ndcg_at_3_max": 0.237188,
        "nauc_ndcg_at_3_std": 0.067903,
        "nauc_ndcg_at_3_diff1": -0.063347,
        "nauc_ndcg_at_5_max": 0.191142,
        "nauc_ndcg_at_5_std": 0.016938,
        "nauc_ndcg_at_5_diff1": -0.106755,
        "nauc_ndcg_at_10_max": 0.198066,
        "nauc_ndcg_at_10_std": -0.047524,
        "nauc_ndcg_at_10_diff1": -0.107269,
        "nauc_ndcg_at_20_max": 0.229321,
        "nauc_ndcg_at_20_std": 0.062998,
        "nauc_ndcg_at_20_diff1": -0.07962,
        "nauc_ndcg_at_100_max": 0.219874,
        "nauc_ndcg_at_100_std": 0.030996,
        "nauc_ndcg_at_100_diff1": -0.056508,
        "nauc_ndcg_at_1000_max": 0.219874,
        "nauc_ndcg_at_1000_std": 0.030996,
        "nauc_ndcg_at_1000_diff1": -0.056508,
        "nauc_map_at_1_max": 0.233005,
        "nauc_map_at_1_std": 0.291221,
        "nauc_map_at_1_diff1": 0.249006,
        "nauc_map_at_3_max": 0.216904,
        "nauc_map_at_3_std": 0.079192,
        "nauc_map_at_3_diff1": -0.026652,
        "nauc_map_at_5_max": 0.188883,
        "nauc_map_at_5_std": 0.042799,
        "nauc_map_at_5_diff1": -0.061528,
        "nauc_map_at_10_max": 0.195431,
        "nauc_map_at_10_std": 0.006547,
        "nauc_map_at_10_diff1": -0.057653,
        "nauc_map_at_20_max": 0.20669,
        "nauc_map_at_20_std": 0.047322,
        "nauc_map_at_20_diff1": -0.043423,
        "nauc_map_at_100_max": 0.207668,
        "nauc_map_at_100_std": 0.039673,
        "nauc_map_at_100_diff1": -0.038898,
        "nauc_map_at_1000_max": 0.207668,
        "nauc_map_at_1000_std": 0.039673,
        "nauc_map_at_1000_diff1": -0.038898,
        "nauc_recall_at_1_max": 0.233005,
        "nauc_recall_at_1_std": 0.291221,
        "nauc_recall_at_1_diff1": 0.249006,
        "nauc_recall_at_3_max": 0.276113,
        "nauc_recall_at_3_std": 0.051317,
        "nauc_recall_at_3_diff1": -0.126764,
        "nauc_recall_at_5_max": 0.193436,
        "nauc_recall_at_5_std": -0.023563,
        "nauc_recall_at_5_diff1": -0.177865,
        "nauc_recall_at_10_max": 0.198759,
        "nauc_recall_at_10_std": -0.128907,
        "nauc_recall_at_10_diff1": -0.179117,
        "nauc_recall_at_20_max": 0.266084,
        "nauc_recall_at_20_std": 0.111812,
        "nauc_recall_at_20_diff1": -0.127308,
        "nauc_recall_at_100_max": NaN,
        "nauc_recall_at_100_std": NaN,
        "nauc_recall_at_100_diff1": NaN,
        "nauc_recall_at_1000_max": NaN,
        "nauc_recall_at_1000_std": NaN,
        "nauc_recall_at_1000_diff1": NaN,
        "nauc_precision_at_1_max": 0.233005,
        "nauc_precision_at_1_std": 0.291221,
        "nauc_precision_at_1_diff1": 0.249006,
        "nauc_precision_at_3_max": 0.276113,
        "nauc_precision_at_3_std": 0.051317,
        "nauc_precision_at_3_diff1": -0.126764,
        "nauc_precision_at_5_max": 0.193436,
        "nauc_precision_at_5_std": -0.023563,
        "nauc_precision_at_5_diff1": -0.177865,
        "nauc_precision_at_10_max": 0.198759,
        "nauc_precision_at_10_std": -0.128907,
        "nauc_precision_at_10_diff1": -0.179117,
        "nauc_precision_at_20_max": 0.266084,
        "nauc_precision_at_20_std": 0.111812,
        "nauc_precision_at_20_diff1": -0.127308,
        "nauc_precision_at_100_max": 1.0,
        "nauc_precision_at_100_std": 1.0,
        "nauc_precision_at_100_diff1": 1.0,
        "nauc_precision_at_1000_max": NaN,
        "nauc_precision_at_1000_std": NaN,
        "nauc_precision_at_1000_diff1": NaN,
        "nauc_mrr_at_1_max": 0.233005,
        "nauc_mrr_at_1_std": 0.291221,
        "nauc_mrr_at_1_diff1": 0.249006,
        "nauc_mrr_at_3_max": 0.216904,
        "nauc_mrr_at_3_std": 0.079192,
        "nauc_mrr_at_3_diff1": -0.026652,
        "nauc_mrr_at_5_max": 0.188883,
        "nauc_mrr_at_5_std": 0.042799,
        "nauc_mrr_at_5_diff1": -0.061528,
        "nauc_mrr_at_10_max": 0.195431,
        "nauc_mrr_at_10_std": 0.006547,
        "nauc_mrr_at_10_diff1": -0.057653,
        "nauc_mrr_at_20_max": 0.20669,
        "nauc_mrr_at_20_std": 0.047322,
        "nauc_mrr_at_20_diff1": -0.043423,
        "nauc_mrr_at_100_max": 0.207668,
        "nauc_mrr_at_100_std": 0.039673,
        "nauc_mrr_at_100_diff1": -0.038898,
        "nauc_mrr_at_1000_max": 0.207668,
        "nauc_mrr_at_1000_std": 0.039673,
        "nauc_mrr_at_1000_diff1": -0.038898,
        "main_score": 0.12004,
        "hf_subset": "korean",
        "languages": [
          "kor-Hang"
        ]
      }
    ]
  },
  "evaluation_time": 0.43451380729675293,
  "kg_co2_emissions": null
}