{
  "dataset_revision": "c99d599f0a6ab9b85b065da6f9d94f9cf731679f",
  "task_name": "XPQARetrieval",
  "mteb_version": "1.38.39",
  "scores": {
    "test": [
      {
        "ndcg_at_1": 0.02294,
        "ndcg_at_3": 0.02647,
        "ndcg_at_5": 0.0305,
        "ndcg_at_10": 0.04096,
        "ndcg_at_20": 0.05429,
        "ndcg_at_100": 0.08977,
        "ndcg_at_1000": 0.18444,
        "map_at_1": 0.01771,
        "map_at_3": 0.02349,
        "map_at_5": 0.02578,
        "map_at_10": 0.03004,
        "map_at_20": 0.03343,
        "map_at_100": 0.03766,
        "map_at_1000": 0.04088,
        "recall_at_1": 0.01771,
        "recall_at_3": 0.02969,
        "recall_at_5": 0.03886,
        "recall_at_10": 0.06858,
        "recall_at_20": 0.11922,
        "recall_at_100": 0.30153,
        "recall_at_1000": 1.0,
        "precision_at_1": 0.02294,
        "precision_at_3": 0.01274,
        "precision_at_5": 0.0104,
        "precision_at_10": 0.00963,
        "precision_at_20": 0.00803,
        "precision_at_100": 0.00437,
        "precision_at_1000": 0.00156,
        "mrr_at_1": 0.022936,
        "mrr_at_3": 0.029052,
        "mrr_at_5": 0.031498,
        "mrr_at_10": 0.036351,
        "mrr_at_20": 0.040614,
        "mrr_at_100": 0.045364,
        "mrr_at_1000": 0.047786,
        "nauc_ndcg_at_1_max": 0.806607,
        "nauc_ndcg_at_1_std": 0.303244,
        "nauc_ndcg_at_1_diff1": 0.012826,
        "nauc_ndcg_at_3_max": 0.720854,
        "nauc_ndcg_at_3_std": 0.279684,
        "nauc_ndcg_at_3_diff1": -0.036474,
        "nauc_ndcg_at_5_max": 0.709432,
        "nauc_ndcg_at_5_std": 0.30862,
        "nauc_ndcg_at_5_diff1": -0.074789,
        "nauc_ndcg_at_10_max": 0.567067,
        "nauc_ndcg_at_10_std": 0.219362,
        "nauc_ndcg_at_10_diff1": -0.09612,
        "nauc_ndcg_at_20_max": 0.462565,
        "nauc_ndcg_at_20_std": 0.140779,
        "nauc_ndcg_at_20_diff1": -0.095953,
        "nauc_ndcg_at_100_max": 0.3505,
        "nauc_ndcg_at_100_std": 0.087018,
        "nauc_ndcg_at_100_diff1": -0.099592,
        "nauc_ndcg_at_1000_max": 0.414119,
        "nauc_ndcg_at_1000_std": 0.149766,
        "nauc_ndcg_at_1000_diff1": -0.090265,
        "nauc_map_at_1_max": 0.764223,
        "nauc_map_at_1_std": 0.24891,
        "nauc_map_at_1_diff1": 0.04565,
        "nauc_map_at_3_max": 0.715548,
        "nauc_map_at_3_std": 0.264638,
        "nauc_map_at_3_diff1": -0.018262,
        "nauc_map_at_5_max": 0.710992,
        "nauc_map_at_5_std": 0.284604,
        "nauc_map_at_5_diff1": -0.046873,
        "nauc_map_at_10_max": 0.638761,
        "nauc_map_at_10_std": 0.243234,
        "nauc_map_at_10_diff1": -0.067485,
        "nauc_map_at_20_max": 0.592858,
        "nauc_map_at_20_std": 0.209396,
        "nauc_map_at_20_diff1": -0.070277,
        "nauc_map_at_100_max": 0.55581,
        "nauc_map_at_100_std": 0.193534,
        "nauc_map_at_100_diff1": -0.075016,
        "nauc_map_at_1000_max": 0.558512,
        "nauc_map_at_1000_std": 0.196123,
        "nauc_map_at_1000_diff1": -0.073933,
        "nauc_recall_at_1_max": 0.764223,
        "nauc_recall_at_1_std": 0.24891,
        "nauc_recall_at_1_diff1": 0.04565,
        "nauc_recall_at_3_max": 0.687708,
        "nauc_recall_at_3_std": 0.266268,
        "nauc_recall_at_3_diff1": -0.063265,
        "nauc_recall_at_5_max": 0.676294,
        "nauc_recall_at_5_std": 0.318622,
        "nauc_recall_at_5_diff1": -0.12077,
        "nauc_recall_at_10_max": 0.441258,
        "nauc_recall_at_10_std": 0.150731,
        "nauc_recall_at_10_diff1": -0.133348,
        "nauc_recall_at_20_max": 0.288018,
        "nauc_recall_at_20_std": 0.036579,
        "nauc_recall_at_20_diff1": -0.111311,
        "nauc_recall_at_100_max": 0.155164,
        "nauc_recall_at_100_std": -0.03206,
        "nauc_recall_at_100_diff1": -0.102709,
        "nauc_recall_at_1000_max": NaN,
        "nauc_recall_at_1000_std": NaN,
        "nauc_recall_at_1000_diff1": NaN,
        "nauc_precision_at_1_max": 0.806607,
        "nauc_precision_at_1_std": 0.303244,
        "nauc_precision_at_1_diff1": 0.012826,
        "nauc_precision_at_3_max": 0.737077,
        "nauc_precision_at_3_std": 0.353294,
        "nauc_precision_at_3_diff1": -0.105636,
        "nauc_precision_at_5_max": 0.720989,
        "nauc_precision_at_5_std": 0.3868,
        "nauc_precision_at_5_diff1": -0.160493,
        "nauc_precision_at_10_max": 0.484664,
        "nauc_precision_at_10_std": 0.227615,
        "nauc_precision_at_10_diff1": -0.16191,
        "nauc_precision_at_20_max": 0.341416,
        "nauc_precision_at_20_std": 0.090712,
        "nauc_precision_at_20_diff1": -0.149708,
        "nauc_precision_at_100_max": 0.172453,
        "nauc_precision_at_100_std": 0.035037,
        "nauc_precision_at_100_diff1": -0.115625,
        "nauc_precision_at_1000_max": -0.035056,
        "nauc_precision_at_1000_std": 0.103996,
        "nauc_precision_at_1000_diff1": 0.007482,
        "nauc_mrr_at_1_max": 0.806607,
        "nauc_mrr_at_1_std": 0.303244,
        "nauc_mrr_at_1_diff1": 0.012826,
        "nauc_mrr_at_3_max": 0.765557,
        "nauc_mrr_at_3_std": 0.322243,
        "nauc_mrr_at_3_diff1": -0.038179,
        "nauc_mrr_at_5_max": 0.752049,
        "nauc_mrr_at_5_std": 0.329719,
        "nauc_mrr_at_5_diff1": -0.056467,
        "nauc_mrr_at_10_max": 0.664093,
        "nauc_mrr_at_10_std": 0.275355,
        "nauc_mrr_at_10_diff1": -0.065371,
        "nauc_mrr_at_20_max": 0.611182,
        "nauc_mrr_at_20_std": 0.235755,
        "nauc_mrr_at_20_diff1": -0.070357,
        "nauc_mrr_at_100_max": 0.57864,
        "nauc_mrr_at_100_std": 0.220803,
        "nauc_mrr_at_100_diff1": -0.074537,
        "nauc_mrr_at_1000_max": 0.583764,
        "nauc_mrr_at_1000_std": 0.223604,
        "nauc_mrr_at_1000_diff1": -0.074439,
        "main_score": 0.04096,
        "hf_subset": "kor-kor",
        "languages": [
          "kor-Hang",
          "kor-Hang"
        ]
      },
      {
        "ndcg_at_1": 0.0107,
        "ndcg_at_3": 0.01311,
        "ndcg_at_5": 0.01657,
        "ndcg_at_10": 0.01959,
        "ndcg_at_20": 0.02528,
        "ndcg_at_100": 0.04758,
        "ndcg_at_1000": 0.15067,
        "map_at_1": 0.00968,
        "map_at_3": 0.01153,
        "map_at_5": 0.0137,
        "map_at_10": 0.01463,
        "map_at_20": 0.01614,
        "map_at_100": 0.01866,
        "map_at_1000": 0.02149,
        "recall_at_1": 0.00968,
        "recall_at_3": 0.01465,
        "recall_at_5": 0.02281,
        "recall_at_10": 0.03005,
        "recall_at_20": 0.05056,
        "recall_at_100": 0.15828,
        "recall_at_1000": 0.91397,
        "precision_at_1": 0.0107,
        "precision_at_3": 0.00663,
        "precision_at_5": 0.00612,
        "precision_at_10": 0.00489,
        "precision_at_20": 0.0039,
        "precision_at_100": 0.00286,
        "precision_at_1000": 0.00177,
        "mrr_at_1": 0.010703,
        "mrr_at_3": 0.014271,
        "mrr_at_5": 0.015953,
        "mrr_at_10": 0.018375,
        "mrr_at_20": 0.020332,
        "mrr_at_100": 0.023733,
        "mrr_at_1000": 0.026019,
        "nauc_ndcg_at_1_max": 0.219168,
        "nauc_ndcg_at_1_std": -0.103888,
        "nauc_ndcg_at_1_diff1": 0.413755,
        "nauc_ndcg_at_3_max": 0.254124,
        "nauc_ndcg_at_3_std": -0.084507,
        "nauc_ndcg_at_3_diff1": 0.234279,
        "nauc_ndcg_at_5_max": 0.307741,
        "nauc_ndcg_at_5_std": -0.138664,
        "nauc_ndcg_at_5_diff1": 0.115124,
        "nauc_ndcg_at_10_max": 0.270526,
        "nauc_ndcg_at_10_std": -0.102312,
        "nauc_ndcg_at_10_diff1": 0.103162,
        "nauc_ndcg_at_20_max": 0.304052,
        "nauc_ndcg_at_20_std": -0.104064,
        "nauc_ndcg_at_20_diff1": 0.125844,
        "nauc_ndcg_at_100_max": 0.196571,
        "nauc_ndcg_at_100_std": -0.129709,
        "nauc_ndcg_at_100_diff1": 0.097475,
        "nauc_ndcg_at_1000_max": 0.161083,
        "nauc_ndcg_at_1000_std": -0.12773,
        "nauc_ndcg_at_1000_diff1": 0.099537,
        "nauc_map_at_1_max": 0.136976,